	Sentence Index	Word	Start Word Index	End Word Index	POS Label	NER Label	Tweet	Tweet POS Labels	Tweet NER Labels	PROPOSED NER Label	FINAL NER Label
0	40	poutine	11	11	['PROPN']	['O']	rt @user1787 : i asked siri to remind me about my poutine in the office fridge but she misinterpreted and probably alerted the fbi . url222 ‚Ä¶	['X', 'X', 'PUNCT', 'PRON', 'VERB', 'PROPN', 'PART', 'VERB', 'PRON', 'ADP', 'PRON', 'PROPN', 'ADP', 'DET', 'NOUN', 'NOUN', 'CCONJ', 'PRON', 'VERB', 'CCONJ', 'ADV', 'VERB', 'DET', 'PROPN', 'PUNCT', 'X', 'PUNCT']	['O', 'O', 'O', 'O', 'O', 'B-PER', 'O', 'O', 'O', 'O', 'O', 'O', 'O', 'O', 'O', 'O', 'O', 'O', 'O', 'O', 'O', 'O', 'O', 'B-ORG', 'O', 'O', 'O']	O	O
4	49	gospel	7	7	['PROPN']	['O']	""" do n't move on from the gospel , move into the gospel ! "" todd friel"	['PUNCT', 'AUX', 'PART', 'VERB', 'ADP', 'ADP', 'DET', 'PROPN', 'PUNCT', 'VERB', 'ADP', 'DET', 'PROPN', 'PUNCT', 'PUNCT', 'PROPN', 'PROPN']	['O', 'O', 'O', 'O', 'O', 'O', 'O', 'O', 'O', 'O', 'O', 'O', 'O', 'O', 'O', 'B-PER', 'I-PER']	O	O
5	49	gospel	12	12	['PROPN']	['O']	""" do n't move on from the gospel , move into the gospel ! "" todd friel"	['PUNCT', 'AUX', 'PART', 'VERB', 'ADP', 'ADP', 'DET', 'PROPN', 'PUNCT', 'VERB', 'ADP', 'DET', 'PROPN', 'PUNCT', 'PUNCT', 'PROPN', 'PROPN']	['O', 'O', 'O', 'O', 'O', 'O', 'O', 'O', 'O', 'O', 'O', 'O', 'O', 'O', 'O', 'B-PER', 'I-PER']	O	O
6	53	model	15	15	['PROPN']	['O']	#follow us & #checkout the multi - talented spanglish / techno / pop singer / model @user779 aka lady boom boom url107	['VERB', 'PRON', 'CCONJ', 'VERB', 'DET', 'ADJ', 'PUNCT', 'ADJ', 'NOUN', 'PUNCT', 'NOUN', 'PUNCT', 'NOUN', 'NOUN', 'PUNCT', 'PROPN', 'PROPN', 'ADP', 'PROPN', 'PROPN', 'PROPN', 'X']	['O', 'O', 'O', 'O', 'O', 'O', 'O', 'O', 'B-MISC', 'O', 'O', 'O', 'O', 'O', 'O', 'O', 'O', 'O', 'B-PER', 'I-PER', 'I-PER', 'O']	O	O
8	54	#fridaynightlights	0	0	['PROPN']	['O']	#fridaynightlights viewing party at stick & stein in el segundo ! who 's with me ??	['PROPN', 'VERB', 'NOUN', 'ADP', 'PROPN', 'CCONJ', 'PROPN', 'ADP', 'PROPN', 'PROPN', 'PUNCT', 'PRON', 'AUX', 'ADP', 'PRON', 'PUNCT']	['O', 'O', 'O', 'O', 'B-ORG', 'I-ORG', 'I-ORG', 'O', 'B-LOC', 'I-LOC', 'O', 'O', 'O', 'O', 'O', 'O']	B-MISC	B-MISC
10	57	#lebronshould	0	0	['PROPN']	['O']	#lebronshould know his only championship is ' slam dunk ' . @user2004	['PROPN', 'VERB', 'PRON', 'ADJ', 'NOUN', 'AUX', 'PUNCT', 'NOUN', 'NOUN', 'PUNCT', 'PUNCT', 'X']	['O', 'O', 'O', 'O', 'O', 'O', 'O', 'O', 'O', 'O', 'O', 'O']	O	B-PER
11	61	#teamceltics	0	0	['PROPN']	['O']	#teamceltics . lakers we coming for you .	['PROPN', 'PUNCT', 'PROPN', 'PRON', 'VERB', 'ADP', 'PRON', 'PUNCT']	['O', 'O', 'B-ORG', 'O', 'O', 'O', 'O', 'O']	B-ORG	B-ORG
12	66	#jordanheels	0	0	['PROPN']	['O']	#jordanheels are very useful in a fight cause a hoodrat will put a jordan stamp n hole in ur dome lls	['PROPN', 'AUX', 'ADV', 'ADJ', 'ADP', 'DET', 'NOUN', 'VERB', 'DET', 'NOUN', 'AUX', 'VERB', 'DET', 'PROPN', 'NOUN', 'CCONJ', 'NOUN', 'ADP', 'PRON', 'NOUN', 'INTJ']	['O', 'O', 'O', 'O', 'O', 'O', 'O', 'O', 'O', 'O', 'O', 'O', 'O', 'O', 'O', 'O', 'O', 'O', 'O', 'O', 'O']	B-MISC	B-MISC
13	66	jordan	13	13	['PROPN']	['O']	#jordanheels are very useful in a fight cause a hoodrat will put a jordan stamp n hole in ur dome lls	['PROPN', 'AUX', 'ADV', 'ADJ', 'ADP', 'DET', 'NOUN', 'VERB', 'DET', 'NOUN', 'AUX', 'VERB', 'DET', 'PROPN', 'NOUN', 'CCONJ', 'NOUN', 'ADP', 'PRON', 'NOUN', 'INTJ']	['O', 'O', 'O', 'O', 'O', 'O', 'O', 'O', 'O', 'O', 'O', 'O', 'O', 'O', 'O', 'O', 'O', 'O', 'O', 'O', 'O']	B-MISC	B-ORG
14	68	dj	1	1	['PROPN']	['O']	#np dj got us - falling in love ag - u$her ft. pitbull	['X', 'PROPN', 'VERB', 'PRON', 'PUNCT', 'VERB', 'ADP', 'NOUN', 'ADV', 'PUNCT', 'PROPN', 'VERB', 'PROPN']	['O', 'O', 'O', 'O', 'O', 'B-MISC', 'I-MISC', 'I-MISC', 'I-MISC', 'O', 'B-PER', 'O', 'B-PER']	B-MISC	O
16	82	d	10	10	['PROPN']	['O']	3-0 !! phew !!! good no td !!! go job d !!! #birdgang	['NUM', 'PUNCT', 'INTJ', 'PUNCT', 'ADJ', 'DET', 'NOUN', 'PUNCT', 'VERB', 'NOUN', 'PROPN', 'PUNCT', 'X']	['O', 'O', 'O', 'O', 'O', 'O', 'O', 'O', 'O', 'O', 'O', 'O', 'O']	O	O
49	113	#etp	5	5	['PROPN']	['O']	@user473 @user948 @user1227 , morning #etp fam	['PROPN', 'PROPN', 'PROPN', 'PUNCT', 'NOUN', 'PROPN', 'NOUN']	['O', 'O', 'O', 'O', 'O', 'O', 'O']	O	B-ORG
84	141	hs	7	7	['PROPN']	['O']	@user716 they tryna close all the black hs 's in charlotte	['PROPN', 'PRON', 'VERB', 'VERB', 'DET', 'DET', 'ADJ', 'PROPN', 'PART', 'ADP', 'PROPN']	['O', 'O', 'O', 'O', 'O', 'O', 'O', 'O', 'O', 'O', 'B-LOC']	O	O
130	178	teamel_al	5	5	['PROPN']	['O']	@user1309 in bham i & teamel_al will be in full effect 4 @user398 10/30/10 !	['PROPN', 'ADP', 'PROPN', 'PRON', 'CCONJ', 'PROPN', 'AUX', 'AUX', 'ADP', 'ADJ', 'NOUN', 'ADP', 'PROPN', 'NUM', 'PUNCT']	['O', 'O', 'B-LOC', 'O', 'O', 'O', 'O', 'O', 'O', 'O', 'O', 'O', 'O', 'O', 'O']	B-MISC	B-MISC
141	186	title	19	19	['PROPN']	['O']	"@user1448 does n't change anything if it 's a "" best seller . "" ie @user695 and the wwe title . most businesses reinvest their profits into new things"	['PROPN', 'AUX', 'PART', 'VERB', 'PRON', 'SCONJ', 'PRON', 'AUX', 'DET', 'PUNCT', 'ADJ', 'NOUN', 'PUNCT', 'PUNCT', 'X', 'PROPN', 'CCONJ', 'DET', 'PROPN', 'PROPN', 'PUNCT', 'ADJ', 'NOUN', 'VERB', 'PRON', 'NOUN', 'ADP', 'ADJ', 'NOUN']	['O', 'O', 'O', 'O', 'O', 'O', 'O', 'O', 'O', 'O', 'O', 'O', 'O', 'O', 'O', 'O', 'O', 'O', 'B-ORG', 'O', 'O', 'O', 'O', 'O', 'O', 'O', 'O', 'O', 'O']	O	O
146	189	jesus	2	2	['PROPN']	['O']	@user1475 @user732 jesus are you two still at it ? lolx	['PROPN', 'PROPN', 'PROPN', 'AUX', 'PRON', 'NUM', 'ADV', 'ADP', 'PRON', 'PUNCT', 'INTJ']	['O', 'O', 'O', 'O', 'O', 'O', 'O', 'O', 'O', 'O', 'O']	B-MISC	O
201	235	tims	5	5	['PROPN']	['O']	@user2252 can we go to tims please and tonkkss	['PROPN', 'AUX', 'PRON', 'VERB', 'ADP', 'PROPN', 'INTJ', 'CCONJ', 'PROPN']	['O', 'O', 'O', 'O', 'O', 'O', 'O', 'O', 'O']	B-MISC	B-ORG
203	236	california	9	9	['PROPN']	['O']	@user2256 i miss you too <3 i miss | california | but imma come see you as soon as i come back i #promise	['PROPN', 'PRON', 'VERB', 'PRON', 'ADV', 'SYM', 'PRON', 'VERB', 'SYM', 'PROPN', 'SYM', 'CCONJ', 'VERB', 'VERB', 'VERB', 'PRON', 'ADV', 'ADV', 'SCONJ', 'PRON', 'VERB', 'ADV', 'PRON', 'VERB']	['O', 'O', 'O', 'O', 'O', 'O', 'O', 'O', 'O', 'O', 'O', 'O', 'O', 'O', 'O', 'O', 'O', 'O', 'O', 'O', 'O', 'O', 'O', 'O']	B-MISC	B-LOC
226	257	#virgin	2	2	['PROPN']	['O']	@user2502 glad #virgin is keeping you happy !	['PROPN', 'ADJ', 'PROPN', 'AUX', 'VERB', 'PRON', 'ADJ', 'PUNCT']	['O', 'O', 'O', 'O', 'O', 'O', 'O', 'O']	B-MISC	B-ORG
236	272	flutes	2	2	['PROPN']	['O']	ahh . flutes sound really bad with cheap mics . writing a song now , just need chords and i 'll be good . bye :d	['INTJ', 'PUNCT', 'PROPN', 'VERB', 'ADV', 'ADJ', 'ADP', 'ADJ', 'NOUN', 'PUNCT', 'VERB', 'DET', 'NOUN', 'ADV', 'PUNCT', 'ADV', 'VERB', 'NOUN', 'CCONJ', 'PRON', 'AUX', 'AUX', 'ADJ', 'PUNCT', 'INTJ', 'SYM']	['O', 'O', 'O', 'O', 'O', 'O', 'O', 'O', 'O', 'O', 'O', 'O', 'O', 'O', 'O', 'O', 'O', 'O', 'O', 'O', 'O', 'O', 'O', 'O', 'O', 'O']	O	O
238	280	h	14	14	['PROPN']	['O']	any haggis out there ? do n't say that ! what ? the ' h ' word . do n't say it ! all right ... are there any out there though ?	['DET', 'NOUN', 'ADV', 'ADV', 'PUNCT', 'AUX', 'PART', 'VERB', 'PRON', 'PUNCT', 'PRON', 'PUNCT', 'DET', 'PUNCT', 'PROPN', 'PUNCT', 'NOUN', 'PUNCT', 'AUX', 'PART', 'VERB', 'PRON', 'PUNCT', 'DET', 'INTJ', 'PUNCT', 'VERB', 'PRON', 'DET', 'ADV', 'ADV', 'ADV', 'PUNCT']	['O', 'B-MISC', 'O', 'O', 'O', 'O', 'O', 'O', 'O', 'O', 'O', 'O', 'O', 'O', 'O', 'O', 'O', 'O', 'O', 'O', 'O', 'O', 'O', 'O', 'O', 'O', 'O', 'O', 'O', 'O', 'O', 'O', 'O']	O	O
249	289	bbm	0	0	['PROPN']	['O']	bbm yawn face * man that #napflow felt so refreshing .	['PROPN', 'NOUN', 'NOUN', 'PUNCT', 'NOUN', 'DET', 'PROPN', 'VERB', 'ADV', 'ADJ', 'PUNCT']	['O', 'O', 'O', 'O', 'O', 'O', 'O', 'O', 'O', 'O', 'O']	O	O
250	289	#napflow	6	6	['PROPN']	['O']	bbm yawn face * man that #napflow felt so refreshing .	['PROPN', 'NOUN', 'NOUN', 'PUNCT', 'NOUN', 'DET', 'PROPN', 'VERB', 'ADV', 'ADJ', 'PUNCT']	['O', 'O', 'O', 'O', 'O', 'O', 'O', 'O', 'O', 'O', 'O']	O	O
253	300	suv	14	14	['PROPN']	['O']	calgary 1980 pontiac trans am t tops $ 4,900.00 over 175 cars trucks and suv 's 90 day warrenty ... url175	['PROPN', 'NUM', 'PROPN', 'PROPN', 'PROPN', 'PROPN', 'VERB', 'SYM', 'NUM', 'ADV', 'NUM', 'NOUN', 'NOUN', 'CCONJ', 'PROPN', 'PART', 'NUM', 'NOUN', 'NOUN', 'PUNCT', 'X']	['B-LOC', 'O', 'B-ORG', 'B-MISC', 'I-MISC', 'I-MISC', 'I-MISC', 'O', 'O', 'O', 'O', 'O', 'O', 'O', 'O', 'O', 'O', 'O', 'O', 'O', 'O']	B-MISC	O
255	304	sunglasses	7	7	['PROPN']	['O']	check this video out -- polaroid polarized sunglasses ( thailand ) url154 via @user2652	['VERB', 'DET', 'NOUN', 'ADP', 'PUNCT', 'PROPN', 'ADJ', 'PROPN', 'PUNCT', 'PROPN', 'PUNCT', 'X', 'ADP', 'PROPN']	['O', 'O', 'O', 'O', 'O', 'B-ORG', 'O', 'O', 'O', 'B-LOC', 'O', 'O', 'O', 'O']	O	O
262	320	masterclass	15	15	['PROPN']	['O']	early bird special : conscious capitalism , new business model for 21st century in online masterclass - url60	['PROPN', 'PROPN', 'PROPN', 'PUNCT', 'ADJ', 'NOUN', 'PUNCT', 'ADJ', 'NOUN', 'NOUN', 'ADP', 'ADJ', 'NOUN', 'ADP', 'ADJ', 'PROPN', 'PUNCT', 'X']	['O', 'O', 'O', 'O', 'O', 'B-MISC', 'O', 'O', 'O', 'O', 'O', 'B-MISC', 'I-MISC', 'O', 'O', 'O', 'O', 'O']	O	O
263	326	d	9	9	['PROPN']	['O']	first serious attack by philadelphia , but the timbers d got the ball out .	['ADJ', 'ADJ', 'NOUN', 'ADP', 'PROPN', 'PUNCT', 'CCONJ', 'DET', 'PROPN', 'PROPN', 'VERB', 'DET', 'NOUN', 'ADV', 'PUNCT']	['O', 'O', 'O', 'O', 'B-ORG', 'O', 'O', 'O', 'B-ORG', 'O', 'O', 'O', 'O', 'O', 'O']	O	O
265	343	#campuschat	9	9	['PROPN']	['O']	got #college admissions questions ? ask them tonight during #campuschat i 'm looking forward to advice from @user1768 url38	['VERB', 'NOUN', 'NOUN', 'NOUN', 'PUNCT', 'VERB', 'PRON', 'NOUN', 'ADP', 'PROPN', 'PRON', 'AUX', 'VERB', 'ADV', 'ADP', 'NOUN', 'ADP', 'PROPN', 'X']	['O', 'O', 'O', 'O', 'O', 'O', 'O', 'O', 'O', 'O', 'O', 'O', 'O', 'O', 'O', 'O', 'O', 'O', 'O']	B-MISC	B-MISC
267	346	#jbspins	3	3	['PROPN']	['O']	great review on #jbspins url77	['ADJ', 'NOUN', 'ADP', 'PROPN', 'X']	['O', 'O', 'O', 'O', 'O']	B-MISC	B-MISC
268	348	uv	5	5	['PROPN']	['O']	haha . my producer said uv vodka is a bad situation waitin to happen , i said #fuuuuuuucccit	['INTJ', 'PUNCT', 'PRON', 'NOUN', 'VERB', 'PROPN', 'NOUN', 'AUX', 'DET', 'ADJ', 'NOUN', 'VERB', 'PART', 'VERB', 'PUNCT', 'PRON', 'VERB', 'VERB']	['O', 'O', 'O', 'O', 'O', 'O', 'O', 'O', 'O', 'O', 'O', 'O', 'O', 'O', 'O', 'O', 'O', 'O']	B-MISC	B-MISC
272	358	jasmine	3	3	['PROPN']	['O']	hungryyyyy ( @ jasmine 26 ) url6	['ADJ', 'PUNCT', 'ADP', 'PROPN', 'NUM', 'PUNCT', 'X']	['O', 'O', 'O', 'O', 'O', 'O', 'O']	B-MISC	B-PER
273	370	#teamceltics	4	4	['PROPN']	['O']	i bet ! haha #teamceltics yesterday ! clowns ! rt @user167 : #teamheat at philly 2nite , let 's go !	['PRON', 'VERB', 'PUNCT', 'INTJ', 'PROPN', 'NOUN', 'PUNCT', 'NOUN', 'PUNCT', 'X', 'X', 'PUNCT', 'PROPN', 'ADP', 'PROPN', 'NOUN', 'PUNCT', 'VERB', 'PRON', 'VERB', 'PUNCT']	['O', 'O', 'O', 'O', 'O', 'O', 'O', 'O', 'O', 'O', 'O', 'O', 'O', 'O', 'B-ORG', 'O', 'O', 'O', 'O', 'O', 'O']	B-ORG	B-ORG
274	370	#teamheat	12	12	['PROPN']	['O']	i bet ! haha #teamceltics yesterday ! clowns ! rt @user167 : #teamheat at philly 2nite , let 's go !	['PRON', 'VERB', 'PUNCT', 'INTJ', 'PROPN', 'NOUN', 'PUNCT', 'NOUN', 'PUNCT', 'X', 'X', 'PUNCT', 'PROPN', 'ADP', 'PROPN', 'NOUN', 'PUNCT', 'VERB', 'PRON', 'VERB', 'PUNCT']	['O', 'O', 'O', 'O', 'O', 'O', 'O', 'O', 'O', 'O', 'O', 'O', 'O', 'O', 'B-ORG', 'O', 'O', 'O', 'O', 'O', 'O']	B-ORG	B-ORG
275	372	#yelp	12	12	['PROPN']	['O']	i checked in at dunkin donuts ( 1 congress st ) on #yelp url28	['PRON', 'VERB', 'ADP', 'ADP', 'PROPN', 'PROPN', 'PUNCT', 'NUM', 'PROPN', 'PROPN', 'PUNCT', 'ADP', 'PROPN', 'X']	['O', 'O', 'O', 'O', 'B-LOC', 'I-LOC', 'O', 'B-LOC', 'I-LOC', 'I-LOC', 'O', 'O', 'O', 'O']	O	B-ORG
278	395	#bet	5	5	['PROPN']	['O']	idk what this movie on #bet is but i 've seen it before and it s hilarious !	['VERB', 'PRON', 'DET', 'NOUN', 'ADP', 'PROPN', 'AUX', 'CCONJ', 'PRON', 'AUX', 'VERB', 'PRON', 'ADV', 'CCONJ', 'PRON', 'AUX', 'ADJ', 'PUNCT']	['O', 'O', 'O', 'O', 'O', 'O', 'O', 'O', 'O', 'O', 'O', 'O', 'O', 'O', 'O', 'O', 'O', 'O']	B-MISC	B-MISC
280	400	giving	3	3	['PROPN']	['O']	is today thanks giving ? :l	['AUX', 'NOUN', 'X', 'PROPN', 'PUNCT', 'SYM']	['O', 'O', 'O', 'O', 'O', 'O']	O	O
281	401	jihad	1	1	['PROPN']	['O']	islamic jihad militant killed near gaza border url36	['ADJ', 'PROPN', 'NOUN', 'VERB', 'ADP', 'PROPN', 'NOUN', 'X']	['B-MISC', 'O', 'O', 'O', 'O', 'B-LOC', 'O', 'O']	O	O
289	419	#lakers	2	2	['PROPN']	['O']	man da #lakers have a fucking all - star squad fuck wit it !!	['NOUN', 'DET', 'PROPN', 'VERB', 'DET', 'ADJ', 'ADJ', 'PUNCT', 'NOUN', 'NOUN', 'VERB', 'ADP', 'PRON', 'PUNCT']	['O', 'O', 'O', 'O', 'O', 'O', 'O', 'O', 'O', 'O', 'O', 'O', 'O', 'O']	B-MISC	B-ORG
290	420	getto	5	5	['PROPN']	['O']	microwaved grilled cheese / the getto grilled cheese sandwhich / they 're made with real cheese #haiku #mooku	['VERB', 'VERB', 'NOUN', 'PUNCT', 'DET', 'PROPN', 'VERB', 'NOUN', 'NOUN', 'PUNCT', 'PRON', 'AUX', 'VERB', 'ADP', 'ADJ', 'NOUN', 'X', 'X']	['O', 'O', 'O', 'O', 'O', 'O', 'O', 'O', 'O', 'O', 'O', 'O', 'O', 'O', 'O', 'O', 'O', 'O']	O	O
292	422	dr	17	17	['PROPN']	['O']	motorola droid oem window mount ‚Äì only for the first generation motorola droid : product descriptionthe motorola dr ... url32	['PROPN', 'PROPN', 'PROPN', 'PROPN', 'PROPN', 'PUNCT', 'ADV', 'ADP', 'DET', 'ADJ', 'NOUN', 'PROPN', 'PROPN', 'PUNCT', 'NOUN', 'NOUN', 'PROPN', 'PROPN', 'PUNCT', 'X']	['B-ORG', 'B-MISC', 'O', 'O', 'O', 'O', 'O', 'O', 'O', 'O', 'O', 'B-ORG', 'B-MISC', 'O', 'O', 'O', 'B-ORG', 'O', 'O', 'O']	B-MISC	O
295	431	gunrunner	6	6	['PROPN']	['O']	"nick adamson 's online audition for gunrunner billy kane 's character "" the rat "" url65"	['PROPN', 'PROPN', 'PART', 'ADJ', 'NOUN', 'ADP', 'PROPN', 'PROPN', 'PROPN', 'PART', 'NOUN', 'PUNCT', 'DET', 'PROPN', 'PUNCT', 'X']	['B-PER', 'I-PER', 'O', 'O', 'O', 'O', 'O', 'B-PER', 'I-PER', 'O', 'O', 'O', 'O', 'O', 'O', 'O']	B-MISC	B-MISC
296	431	rat	13	13	['PROPN']	['O']	"nick adamson 's online audition for gunrunner billy kane 's character "" the rat "" url65"	['PROPN', 'PROPN', 'PART', 'ADJ', 'NOUN', 'ADP', 'PROPN', 'PROPN', 'PROPN', 'PART', 'NOUN', 'PUNCT', 'DET', 'PROPN', 'PUNCT', 'X']	['B-PER', 'I-PER', 'O', 'O', 'O', 'O', 'O', 'B-PER', 'I-PER', 'O', 'O', 'O', 'O', 'O', 'O', 'O']	B-MISC	O
298	441	loblaws	1	1	['PROPN']	['O']	oh loblaws you kill me , 4 - 8	['INTJ', 'PROPN', 'PRON', 'VERB', 'PRON', 'PUNCT', 'NUM', 'SYM', 'NUM']	['O', 'O', 'O', 'O', 'O', 'O', 'O', 'O', 'O']	B-MISC	O
301	448	psp	0	0	['PROPN']	['O']	psp .... phone ... ohmygoodlord technology why are you so great . it s also an ericsson which means @user1736 will just have to buy it . ;3	['PROPN', 'PUNCT', 'NOUN', 'PUNCT', 'INTJ', 'NOUN', 'ADV', 'AUX', 'PRON', 'ADV', 'ADJ', 'PUNCT', 'PRON', 'AUX', 'ADV', 'DET', 'PROPN', 'PRON', 'VERB', 'PROPN', 'AUX', 'ADV', 'VERB', 'PART', 'VERB', 'PRON', 'PUNCT', 'SYM']	['O', 'O', 'O', 'O', 'O', 'O', 'O', 'O', 'O', 'O', 'O', 'O', 'O', 'O', 'O', 'O', 'B-ORG', 'O', 'O', 'O', 'O', 'O', 'O', 'O', 'O', 'O', 'O', 'O']	O	B-MISC
310	473	#libya	4	4	['PROPN']	['O']	rt @user704 : @user1442 #libya breakthru ! we move urgently needed #food ( wheat , flour ) by truck convoy into western libya for 1st time ...	['X', 'X', 'PUNCT', 'PROPN', 'PROPN', 'NOUN', 'PUNCT', 'PRON', 'VERB', 'ADV', 'VERB', 'NOUN', 'PUNCT', 'NOUN', 'PUNCT', 'NOUN', 'PUNCT', 'ADP', 'NOUN', 'NOUN', 'ADP', 'ADJ', 'PROPN', 'ADP', 'ADJ', 'NOUN', 'PUNCT']	['O', 'O', 'O', 'O', 'O', 'O', 'O', 'O', 'O', 'O', 'O', 'O', 'O', 'O', 'O', 'O', 'O', 'O', 'O', 'O', 'O', 'B-LOC', 'I-LOC', 'O', 'O', 'O', 'O']	B-MISC	B-LOC
316	479	#oomf	6	6	['PROPN']	['O']	rt @user846 : ‚Äú @user831 : #oomf is a liar , kaylee knows who i m talking about ‚Äù a lot of yur followers r liars ! lol	['X', 'X', 'PUNCT', 'PUNCT', 'PROPN', 'PUNCT', 'PROPN', 'AUX', 'DET', 'NOUN', 'PUNCT', 'PROPN', 'VERB', 'PRON', 'PRON', 'AUX', 'VERB', 'ADP', 'PUNCT', 'DET', 'NOUN', 'ADP', 'PRON', 'NOUN', 'AUX', 'NOUN', 'PUNCT', 'INTJ']	['O', 'O', 'O', 'O', 'O', 'O', 'O', 'O', 'O', 'O', 'O', 'B-PER', 'O', 'O', 'O', 'O', 'O', 'O', 'O', 'O', 'O', 'O', 'O', 'O', 'O', 'O', 'O', 'O']	B-MISC	B-MISC
320	486	#rtm	14	14	['PROPN']	['O']	rt @user965 : rt @user1310 : @user965 this is my favorite screen shot from #rtm ;) ---> url198	['X', 'X', 'PUNCT', 'X', 'X', 'PUNCT', 'PROPN', 'PRON', 'AUX', 'PRON', 'ADJ', 'NOUN', 'NOUN', 'ADP', 'PROPN', 'SYM', 'SYM', 'X']	['O', 'O', 'O', 'O', 'O', 'O', 'O', 'O', 'O', 'O', 'O', 'O', 'O', 'O', 'O', 'O', 'O', 'O']	B-MISC	B-MISC
326	491	tonite	8	8	['PROPN']	['O']	rt @user1069 where is punk ass , @user1197 tonite !!! < honestly who cares ?? :-p	['X', 'X', 'ADV', 'AUX', 'ADJ', 'NOUN', 'PUNCT', 'PROPN', 'PROPN', 'PUNCT', 'PUNCT', 'ADV', 'PRON', 'VERB', 'PUNCT', 'SYM']	['O', 'O', 'O', 'O', 'O', 'O', 'O', 'O', 'O', 'O', 'O', 'O', 'O', 'O', 'O', 'O']	O	O
332	512	#jammy	13	13	['PROPN']	['O']	rt @user1655 : . #walesaid dt @user2024 should go downtown ! lol !!.. #jammy --> lmao !! man bianca !!!	['X', 'X', 'PUNCT', 'PUNCT', 'VERB', 'DET', 'PROPN', 'AUX', 'VERB', 'ADV', 'PUNCT', 'INTJ', 'PUNCT', 'PROPN', 'SYM', 'INTJ', 'PUNCT', 'NOUN', 'PROPN', 'PUNCT']	['O', 'O', 'O', 'O', 'O', 'O', 'O', 'O', 'O', 'O', 'O', 'O', 'O', 'O', 'O', 'O', 'O', 'O', 'B-PER', 'O']	O	O
337	522	#hawthornenigga	19	19	['PROPN']	['O']	rt @user1917 : rt @user2129 : #random ii love how this nigga @user1917 kome in with the singing on #hawthornenigga #noelton - ...	['X', 'X', 'PUNCT', 'X', 'X', 'PUNCT', 'X', 'PRON', 'VERB', 'ADV', 'DET', 'NOUN', 'PROPN', 'VERB', 'ADV', 'ADP', 'DET', 'NOUN', 'ADP', 'PROPN', 'PROPN', 'PUNCT', 'PUNCT']	['O', 'O', 'O', 'O', 'O', 'O', 'O', 'O', 'O', 'O', 'O', 'O', 'O', 'O', 'O', 'O', 'O', 'O', 'O', 'O', 'O', 'O', 'O']	B-MISC	B-MISC
338	522	#noelton	20	20	['PROPN']	['O']	rt @user1917 : rt @user2129 : #random ii love how this nigga @user1917 kome in with the singing on #hawthornenigga #noelton - ...	['X', 'X', 'PUNCT', 'X', 'X', 'PUNCT', 'X', 'PRON', 'VERB', 'ADV', 'DET', 'NOUN', 'PROPN', 'VERB', 'ADV', 'ADP', 'DET', 'NOUN', 'ADP', 'PROPN', 'PROPN', 'PUNCT', 'PUNCT']	['O', 'O', 'O', 'O', 'O', 'O', 'O', 'O', 'O', 'O', 'O', 'O', 'O', 'O', 'O', 'O', 'O', 'O', 'O', 'O', 'O', 'O', 'O']	B-MISC	B-MISC
354	557	id	7	7	['PROPN']	['O']	ruling strikes down part of arizona voter id law - yahoo! news url70	['NOUN', 'VERB', 'ADP', 'NOUN', 'ADP', 'PROPN', 'NOUN', 'PROPN', 'NOUN', 'PUNCT', 'PROPN', 'NOUN', 'X']	['O', 'O', 'O', 'O', 'O', 'B-LOC', 'O', 'O', 'O', 'O', 'B-ORG', 'I-ORG', 'O']	O	O
355	560	live	1	1	['PROPN']	['O']	showoffradio live !!!	['PROPN', 'PROPN', 'PUNCT']	['B-MISC', 'O', 'O']	O	O
361	579	ex	5	5	['PROPN']	['O']	the modern vacation : with ex ‚Äôs and new partners url150	['DET', 'ADJ', 'NOUN', 'PUNCT', 'ADP', 'PROPN', 'PART', 'CCONJ', 'ADJ', 'NOUN', 'X']	['O', 'O', 'O', 'O', 'O', 'O', 'O', 'O', 'O', 'O', 'O']	B-MISC	O
363	590	boots	11	11	['PROPN']	['O']	ty beanie babies - set of 2 beanies ( dora & boots ) : ty beanie babies set of 2- dora the explorer and boots url144	['PROPN', 'PROPN', 'PROPN', 'PUNCT', 'NOUN', 'ADP', 'NUM', 'PROPN', 'PUNCT', 'PROPN', 'CCONJ', 'PROPN', 'PUNCT', 'PUNCT', 'PROPN', 'PROPN', 'PROPN', 'NOUN', 'ADP', 'NUM', 'PROPN', 'DET', 'PROPN', 'CCONJ', 'PROPN', 'X']	['B-ORG', 'B-MISC', 'I-MISC', 'O', 'O', 'O', 'O', 'B-MISC', 'O', 'B-PER', 'O', 'O', 'O', 'O', 'B-ORG', 'B-MISC', 'I-MISC', 'O', 'O', 'O', 'B-PER', 'I-PER', 'I-PER', 'O', 'O', 'O']	O	B-MISC
364	590	boots	24	24	['PROPN']	['O']	ty beanie babies - set of 2 beanies ( dora & boots ) : ty beanie babies set of 2- dora the explorer and boots url144	['PROPN', 'PROPN', 'PROPN', 'PUNCT', 'NOUN', 'ADP', 'NUM', 'PROPN', 'PUNCT', 'PROPN', 'CCONJ', 'PROPN', 'PUNCT', 'PUNCT', 'PROPN', 'PROPN', 'PROPN', 'NOUN', 'ADP', 'NUM', 'PROPN', 'DET', 'PROPN', 'CCONJ', 'PROPN', 'X']	['B-ORG', 'B-MISC', 'I-MISC', 'O', 'O', 'O', 'O', 'B-MISC', 'O', 'B-PER', 'O', 'O', 'O', 'O', 'B-ORG', 'B-MISC', 'I-MISC', 'O', 'O', 'O', 'B-PER', 'I-PER', 'I-PER', 'O', 'O', 'O']	O	B-MISC
367	602	#jeopardy	2	2	['PROPN']	['O']	weird , #jeopardy is alluding to the charlie the unicorn video in their clue titles ! shun the non-believer !	['ADJ', 'PUNCT', 'PROPN', 'AUX', 'VERB', 'ADP', 'DET', 'PROPN', 'DET', 'PROPN', 'NOUN', 'ADP', 'PRON', 'NOUN', 'NOUN', 'PUNCT', 'VERB', 'DET', 'NOUN', 'PUNCT']	['O', 'O', 'O', 'O', 'O', 'O', 'O', 'B-MISC', 'I-MISC', 'I-MISC', 'O', 'O', 'O', 'O', 'O', 'O', 'O', 'O', 'O', 'O']	B-ORG	B-MISC
368	603	pimpin	1	1	['PROPN']	['O']	whaddup pimpin ken . ha !	['INTJ', 'PROPN', 'PROPN', 'PUNCT', 'INTJ', 'PUNCT']	['O', 'O', 'B-PER', 'O', 'O', 'O']	B-MISC	O
371	609	#snowto	3	3	['PROPN']	['O']	where 's this #snowto at ? let 's see what you 've got #toronto	['ADV', 'AUX', 'DET', 'PROPN', 'ADP', 'PUNCT', 'VERB', 'PRON', 'VERB', 'PRON', 'PRON', 'AUX', 'VERB', 'X']	['O', 'O', 'O', 'O', 'O', 'O', 'O', 'O', 'O', 'O', 'O', 'O', 'O', 'O']	B-MISC	B-MISC
372	615	nnw	3	3	['PROPN']	['O']	wind 2.2 mph nnw . barometer 1019.0 mb , rising . temperature 15.5 ¬∞c . rain today 0.0 mm . humidity 59 %	['NOUN', 'NUM', 'NOUN', 'PROPN', 'PUNCT', 'NOUN', 'NUM', 'NOUN', 'PUNCT', 'VERB', 'PUNCT', 'NOUN', 'NUM', 'NOUN', 'PUNCT', 'NOUN', 'NOUN', 'NUM', 'NOUN', 'PUNCT', 'NOUN', 'NUM', 'SYM']	['O', 'O', 'O', 'O', 'O', 'O', 'O', 'O', 'O', 'O', 'O', 'O', 'O', 'O', 'O', 'O', 'O', 'O', 'O', 'O', 'O', 'O', 'O']	O	B-MISC
374	625	xmas	8	8	['PROPN']	['O']	[ post ] spammy ‚Äôs 12 days of xmas : day 2 ‚Äì burning the tool log url129	['PUNCT', 'NOUN', 'PUNCT', 'PROPN', 'PART', 'NUM', 'NOUN', 'ADP', 'PROPN', 'PUNCT', 'NOUN', 'NUM', 'PUNCT', 'VERB', 'DET', 'NOUN', 'NOUN', 'X']	['O', 'O', 'O', 'B-PER', 'O', 'O', 'O', 'O', 'O', 'O', 'O', 'O', 'O', 'O', 'O', 'O', 'O', 'O']	B-MISC	B-MISC
382	655	#miamiheat	6	6	['PROPN']	['O']	it s the sixers rt @user639 #miamiheat gettin it 2gether now ... #ilike	['PRON', 'AUX', 'DET', 'NOUN', 'X', 'X', 'PROPN', 'VERB', 'PRON', 'ADV', 'ADV', 'PUNCT', 'X']	['O', 'O', 'O', 'B-ORG', 'O', 'O', 'O', 'O', 'O', 'O', 'O', 'O', 'O']	B-ORG	B-ORG
384	676	wessss	0	0	['PROPN']	['O']	wessss keep metal hjahah \m/ rt @user47 : metal	['PROPN', 'VERB', 'NOUN', 'INTJ', 'SYM', 'X', 'X', 'PUNCT', 'NOUN']	['O', 'O', 'O', 'O', 'O', 'O', 'O', 'O', 'O']	O	B-PER
386	682	#kayoq	2	2	['PROPN']	['O']	"¬´ @user741 #kayoq & a ladies what if u tell a guy "" i love you "" and he says "" oh ok "" ....... then what ? ¬ª then he do n't love you lol"	['PUNCT', 'PROPN', 'PROPN', 'CCONJ', 'NOUN', 'NOUN', 'PRON', 'SCONJ', 'PRON', 'VERB', 'DET', 'NOUN', 'PUNCT', 'PRON', 'VERB', 'PRON', 'PUNCT', 'CCONJ', 'PRON', 'VERB', 'PUNCT', 'INTJ', 'INTJ', 'PUNCT', 'PUNCT', 'ADV', 'PRON', 'PUNCT', 'PUNCT', 'ADV', 'PRON', 'AUX', 'PART', 'VERB', 'PRON', 'INTJ']	['O', 'O', 'O', 'O', 'O', 'O', 'O', 'O', 'O', 'O', 'O', 'O', 'O', 'O', 'O', 'O', 'O', 'O', 'O', 'O', 'O', 'O', 'O', 'O', 'O', 'O', 'O', 'O', 'O', 'O', 'O', 'O', 'O', 'O', 'O', 'O']	B-MISC	B-MISC
389	683	fems	5	5	['PROPN']	['O']	‚Äú @user601 blueroom may 19th fems free and drink free til 11:30 $ 5 all night behind winn dixie on pinehills road leggooo ‚Äù	['PUNCT', 'PROPN', 'PROPN', 'PROPN', 'NOUN', 'PROPN', 'ADJ', 'CCONJ', 'NOUN', 'ADJ', 'ADP', 'NUM', 'SYM', 'NUM', 'DET', 'NOUN', 'ADP', 'PROPN', 'PROPN', 'ADP', 'PROPN', 'PROPN', 'INTJ', 'PUNCT']	['O', 'O', 'B-LOC', 'O', 'O', 'O', 'O', 'O', 'O', 'O', 'O', 'O', 'O', 'O', 'O', 'O', 'O', 'B-LOC', 'I-LOC', 'O', 'B-LOC', 'I-LOC', 'O', 'O']	B-MISC	O
393	687	dawn	9	9	['PROPN']	['O']	rt @user1504 : it is always darkest before the dawn ! we are passing through the darkest times in pak history , fajr can not be far .. ht ‚Ä¶	['X', 'X', 'PUNCT', 'PRON', 'AUX', 'ADV', 'ADJ', 'ADP', 'DET', 'PROPN', 'PUNCT', 'PRON', 'AUX', 'VERB', 'ADP', 'DET', 'ADJ', 'NOUN', 'ADP', 'PROPN', 'NOUN', 'PUNCT', 'PROPN', 'AUX', 'PART', 'AUX', 'ADV', 'PUNCT', 'X', 'PUNCT']	['O', 'O', 'O', 'O', 'O', 'O', 'O', 'O', 'O', 'O', 'O', 'O', 'O', 'O', 'O', 'O', 'O', 'O', 'O', 'B-MISC', 'O', 'O', 'B-MISC', 'O', 'O', 'O', 'O', 'O', 'O', 'O']	O	B-MISC
394	692	g310	0	0	['PROPN']	['O']	g310 . not bad !! ( pic via fb ) url1021	['PROPN', 'PUNCT', 'ADV', 'ADJ', 'PUNCT', 'PUNCT', 'NOUN', 'ADP', 'PROPN', 'PUNCT', 'X']	['O', 'O', 'O', 'O', 'O', 'O', 'O', 'O', 'O', 'O', 'O']	O	O
395	692	fb	8	8	['PROPN']	['O']	g310 . not bad !! ( pic via fb ) url1021	['PROPN', 'PUNCT', 'ADV', 'ADJ', 'PUNCT', 'PUNCT', 'NOUN', 'ADP', 'PROPN', 'PUNCT', 'X']	['O', 'O', 'O', 'O', 'O', 'O', 'O', 'O', 'O', 'O', 'O']	O	B-ORG
398	697	svt	3	3	['PROPN']	['O']	rt @user1855 : svt when people keep voting for sweden url1528	['X', 'X', 'PUNCT', 'PROPN', 'ADV', 'NOUN', 'VERB', 'VERB', 'ADP', 'PROPN', 'X']	['O', 'O', 'O', 'O', 'O', 'O', 'O', 'O', 'O', 'B-LOC', 'O']	B-MISC	O
400	703	grill	4	4	['PROPN']	['O']	free char - broil grill ( hilliard ) url1473	['ADJ', 'NOUN', 'PUNCT', 'PROPN', 'PROPN', 'PUNCT', 'PROPN', 'PUNCT', 'X']	['O', 'B-ORG', 'I-ORG', 'I-ORG', 'O', 'O', 'B-LOC', 'O', 'O']	B-MISC	O
407	715	#teenchoice	1	1	['PROPN']	['O']	my #teenchoice for #choicemusicgroup is @user21 ! 31.05.2016	['PRON', 'PROPN', 'ADP', 'PROPN', 'AUX', 'PROPN', 'PUNCT', 'NUM']	['O', 'O', 'O', 'O', 'O', 'O', 'O', 'O']	O	O
408	715	#choicemusicgroup	3	3	['PROPN']	['O']	my #teenchoice for #choicemusicgroup is @user21 ! 31.05.2016	['PRON', 'PROPN', 'ADP', 'PROPN', 'AUX', 'PROPN', 'PUNCT', 'NUM']	['O', 'O', 'O', 'O', 'O', 'O', 'O', 'O']	O	B-MISC
415	725	#24audiolaunch	9	9	['PROPN']	['O']	rt @user2020 : to all suriya fans coming to #24audiolaunch on monday - no photos or videos allowed inside the venue .	['X', 'X', 'PUNCT', 'ADP', 'DET', 'PROPN', 'NOUN', 'VERB', 'ADP', 'PROPN', 'ADP', 'PROPN', 'PUNCT', 'DET', 'NOUN', 'CCONJ', 'NOUN', 'VERB', 'ADP', 'DET', 'NOUN', 'PUNCT']	['O', 'O', 'O', 'O', 'O', 'B-PER', 'O', 'O', 'O', 'O', 'O', 'O', 'O', 'O', 'O', 'O', 'O', 'O', 'O', 'O', 'O', 'O']	B-LOC	B-MISC
419	737	mge	4	4	['PROPN']	['O']	solo queue ( ~ mge ) is close to being unplayable . url640 @user476 #csgo	['ADJ', 'NOUN', 'PUNCT', 'PUNCT', 'PROPN', 'PUNCT', 'AUX', 'ADJ', 'PART', 'AUX', 'ADJ', 'PUNCT', 'X', 'PROPN', 'X']	['O', 'O', 'O', 'O', 'O', 'O', 'O', 'O', 'O', 'O', 'O', 'O', 'O', 'O', 'O']	B-MISC	B-MISC
421	743	#soundcloud	22	22	['PROPN']	['O']	listen to 15 - it s like that featuring kast ki bohiti ( produced by lilzhp ) by king problem #np on #soundcloud url1630	['VERB', 'ADP', 'NUM', 'PUNCT', 'PRON', 'AUX', 'ADP', 'PRON', 'VERB', 'PROPN', 'PROPN', 'PROPN', 'PUNCT', 'VERB', 'ADP', 'PROPN', 'PUNCT', 'ADP', 'PROPN', 'PROPN', 'X', 'ADP', 'PROPN', 'X']	['O', 'O', 'O', 'O', 'B-MISC', 'I-MISC', 'I-MISC', 'I-MISC', 'O', 'B-PER', 'I-PER', 'I-PER', 'O', 'O', 'O', 'B-PER', 'O', 'O', 'B-PER', 'I-PER', 'O', 'O', 'O', 'O']	B-MISC	B-ORG
422	745	#periscope	2	2	['PROPN']	['O']	live on #periscope : thursday 's fundraising tip : stay in touch with supporters ! #fundraiser #schools #church #succes ‚Ä¶ url1151	['ADJ', 'ADP', 'PROPN', 'PUNCT', 'PROPN', 'PART', 'NOUN', 'NOUN', 'PUNCT', 'VERB', 'ADP', 'NOUN', 'ADP', 'NOUN', 'PUNCT', 'X', 'X', 'X', 'X', 'PUNCT', 'X']	['O', 'O', 'O', 'O', 'O', 'O', 'O', 'O', 'O', 'O', 'O', 'O', 'O', 'O', 'O', 'O', 'O', 'O', 'O', 'O', 'O']	B-MISC	B-MISC
424	748	motocross	11	11	['PROPN']	['O']	moto gp 46 racing polo t-shirt sport men's motorcycle bike yamaha motocross url739 url527	['PROPN', 'PROPN', 'NUM', 'NOUN', 'NOUN', 'NOUN', 'NOUN', 'NOUN', 'NOUN', 'NOUN', 'PROPN', 'PROPN', 'X', 'X']	['B-MISC', 'I-MISC', 'I-MISC', 'O', 'O', 'O', 'O', 'O', 'O', 'O', 'B-ORG', 'O', 'O', 'O']	O	B-MISC
425	749	ft	13	13	['PROPN']	['O']	when ya friend fake tired so she do n't have to answer your ft üôÉ @user49	['ADV', 'PRON', 'NOUN', 'VERB', 'ADJ', 'SCONJ', 'PRON', 'AUX', 'PART', 'VERB', 'PART', 'VERB', 'PRON', 'PROPN', 'SYM', 'PROPN']	['O', 'O', 'O', 'O', 'O', 'O', 'O', 'O', 'O', 'O', 'O', 'O', 'O', 'O', 'O', 'O']	O	O
427	750	#mpoints	3	3	['PROPN']	['O']	i 'm earning #mpoints with #askdaball ! url1271 #app	['PRON', 'AUX', 'VERB', 'PROPN', 'ADP', 'PROPN', 'PUNCT', 'X', 'X']	['O', 'O', 'O', 'O', 'O', 'O', 'O', 'O', 'O']	B-MISC	O
428	750	#askdaball	5	5	['PROPN']	['O']	i 'm earning #mpoints with #askdaball ! url1271 #app	['PRON', 'AUX', 'VERB', 'PROPN', 'ADP', 'PROPN', 'PUNCT', 'X', 'X']	['O', 'O', 'O', 'O', 'O', 'O', 'O', 'O', 'O']	B-MISC	B-MISC
429	751	directioners	2	2	['PROPN']	['O']	power of directioners go directioners go directioners will rise #bestfanarmy #directioners #iheartawards walking in the wind	['NOUN', 'ADP', 'PROPN', 'VERB', 'PROPN', 'VERB', 'PROPN', 'AUX', 'VERB', 'X', 'X', 'X', 'VERB', 'ADP', 'DET', 'NOUN']	['O', 'O', 'O', 'O', 'O', 'O', 'O', 'O', 'O', 'O', 'O', 'O', 'O', 'O', 'O', 'O']	O	B-MISC
430	751	directioners	4	4	['PROPN']	['O']	power of directioners go directioners go directioners will rise #bestfanarmy #directioners #iheartawards walking in the wind	['NOUN', 'ADP', 'PROPN', 'VERB', 'PROPN', 'VERB', 'PROPN', 'AUX', 'VERB', 'X', 'X', 'X', 'VERB', 'ADP', 'DET', 'NOUN']	['O', 'O', 'O', 'O', 'O', 'O', 'O', 'O', 'O', 'O', 'O', 'O', 'O', 'O', 'O', 'O']	O	O
431	751	directioners	6	6	['PROPN']	['O']	power of directioners go directioners go directioners will rise #bestfanarmy #directioners #iheartawards walking in the wind	['NOUN', 'ADP', 'PROPN', 'VERB', 'PROPN', 'VERB', 'PROPN', 'AUX', 'VERB', 'X', 'X', 'X', 'VERB', 'ADP', 'DET', 'NOUN']	['O', 'O', 'O', 'O', 'O', 'O', 'O', 'O', 'O', 'O', 'O', 'O', 'O', 'O', 'O', 'O']	O	B-MISC
432	753	roxas	0	0	['PROPN']	['O']	roxas rising url1024	['PROPN', 'VERB', 'X']	['O', 'O', 'O']	B-MISC	B-MISC
434	756	kumamon	24	24	['PROPN']	['O']	#ystl minyoonjgi hi cutie how was your day ? if you had a bad day look at this handsome photo of me . fr kumamon url278	['X', 'PROPN', 'INTJ', 'NOUN', 'ADV', 'AUX', 'PRON', 'NOUN', 'PUNCT', 'SCONJ', 'PRON', 'VERB', 'DET', 'ADJ', 'NOUN', 'VERB', 'ADP', 'DET', 'ADJ', 'NOUN', 'ADP', 'PRON', 'PUNCT', 'ADJ', 'PROPN', 'X']	['O', 'B-PER', 'O', 'O', 'O', 'O', 'O', 'O', 'O', 'O', 'O', 'O', 'O', 'O', 'O', 'O', 'O', 'O', 'O', 'O', 'O', 'O', 'O', 'O', 'O', 'O']	B-MISC	B-MISC
435	759	h	0	0	['PROPN']	['O']	h ! @user548 ‚ô° ‚Äú the universe is in your bones , the stars in your soul ‚Ä¶ ‚Äù do you mind following me ? thank you for everything x üåü ‚Äì 730,777	['PROPN', 'PUNCT', 'PROPN', 'SYM', 'PUNCT', 'DET', 'NOUN', 'AUX', 'ADP', 'PRON', 'NOUN', 'PUNCT', 'DET', 'NOUN', 'ADP', 'PRON', 'NOUN', 'PUNCT', 'PUNCT', 'AUX', 'PRON', 'VERB', 'VERB', 'PRON', 'PUNCT', 'VERB', 'PRON', 'ADP', 'PRON', 'SYM', 'SYM', 'PUNCT', 'NUM']	['O', 'O', 'O', 'O', 'O', 'O', 'O', 'O', 'O', 'O', 'O', 'O', 'O', 'O', 'O', 'O', 'O', 'O', 'O', 'O', 'O', 'O', 'O', 'O', 'O', 'O', 'O', 'O', 'O', 'O', 'O', 'O', 'O']	O	O
438	763	cavsin6	9	9	['PROPN']	['O']	rt @user1350 : y'all heard it here first ! cavsin6 @user225 @user1211 @user1348 @user458	['X', 'X', 'PUNCT', 'PRON', 'VERB', 'PRON', 'ADV', 'ADV', 'PUNCT', 'PROPN', 'PROPN', 'PROPN', 'PROPN', 'PROPN']	['O', 'O', 'O', 'O', 'O', 'O', 'O', 'O', 'O', 'O', 'O', 'O', 'O', 'O']	O	B-ORG
445	766	wic	10	10	['PROPN']	['O']	rt @user2607 : reset epson waste ink counter overflow by wic and reset key url469 #wic #resetkey #epson #printer	['X', 'X', 'PUNCT', 'VERB', 'PROPN', 'NOUN', 'NOUN', 'NOUN', 'NOUN', 'ADP', 'PROPN', 'CCONJ', 'VERB', 'NOUN', 'X', 'X', 'X', 'X', 'X']	['O', 'O', 'O', 'O', 'B-ORG', 'O', 'O', 'O', 'O', 'O', 'O', 'O', 'O', 'O', 'O', 'O', 'O', 'O', 'O']	B-MISC	B-MISC
454	785	#cityvreal	21	21	['PROPN']	['O']	rt @user847 : one final team check ahead of kick - off . @user993 in the tweet seat for you at #cityvreal . how 're we all feeling ?! url224 ‚Ä¶	['X', 'X', 'PUNCT', 'NUM', 'ADJ', 'NOUN', 'VERB', 'ADP', 'ADP', 'NOUN', 'PUNCT', 'NOUN', 'PUNCT', 'PROPN', 'ADP', 'DET', 'NOUN', 'NOUN', 'ADP', 'PRON', 'ADP', 'PROPN', 'PUNCT', 'ADV', 'AUX', 'PRON', 'DET', 'VERB', 'PUNCT', 'X', 'PUNCT']	['O', 'O', 'O', 'O', 'O', 'O', 'O', 'O', 'O', 'O', 'O', 'O', 'O', 'O', 'O', 'O', 'O', 'O', 'O', 'O', 'O', 'O', 'O', 'O', 'O', 'O', 'O', 'O', 'O', 'O', 'O']	B-MISC	B-MISC
455	787	qb	7	7	['PROPN']	['O']	cam : why carolina panthers ' new qb is the worst nfl draft pick ever | bleacher report ( via url1581 ) url1302	['NOUN', 'PUNCT', 'ADV', 'PROPN', 'PROPN', 'PART', 'ADJ', 'PROPN', 'AUX', 'DET', 'ADJ', 'PROPN', 'NOUN', 'NOUN', 'ADV', 'SYM', 'PROPN', 'NOUN', 'PUNCT', 'ADP', 'X', 'PUNCT', 'X']	['B-PER', 'O', 'O', 'B-ORG', 'I-ORG', 'O', 'O', 'O', 'O', 'O', 'O', 'B-ORG', 'O', 'O', 'O', 'O', 'B-ORG', 'I-ORG', 'O', 'O', 'O', 'O', 'O']	B-MISC	O
475	817	#littlemix	15	15	['PROPN']	['O']	rt @user1724 : who are the biggest girl band on the planet right now ? #littlemix or @user450	['X', 'X', 'PUNCT', 'PRON', 'AUX', 'DET', 'ADJ', 'NOUN', 'NOUN', 'ADP', 'DET', 'NOUN', 'ADV', 'ADV', 'PUNCT', 'PROPN', 'CCONJ', 'PROPN']	['O', 'O', 'O', 'O', 'O', 'O', 'O', 'O', 'O', 'O', 'O', 'O', 'O', 'O', 'O', 'O', 'O', 'O']	B-MISC	B-ORG
478	820	#yakima	15	15	['PROPN']	['O']	join the country financial team ! see our latest #sales #job opening here : url496 #yakima , wa url333	['VERB', 'DET', 'NOUN', 'ADJ', 'NOUN', 'PUNCT', 'VERB', 'PRON', 'ADJ', 'NOUN', 'NOUN', 'NOUN', 'ADV', 'PUNCT', 'X', 'PROPN', 'PUNCT', 'PROPN', 'X']	['O', 'O', 'B-ORG', 'I-ORG', 'O', 'O', 'O', 'O', 'O', 'O', 'O', 'O', 'O', 'O', 'O', 'O', 'O', 'B-LOC', 'O']	O	B-ORG
479	823	bright	9	9	['PROPN']	['O']	rt @user2330 : save the best for you shine bright glen	['X', 'X', 'PUNCT', 'VERB', 'DET', 'ADJ', 'ADP', 'PRON', 'VERB', 'PROPN', 'PROPN']	['O', 'O', 'O', 'O', 'O', 'O', 'O', 'O', 'O', 'O', 'B-PER']	O	O
484	824	dashiki	4	4	['PROPN']	['O']	@user1577 @user1678 @user1632 @user85 dashiki shirt to who said that it looked awesome	['PROPN', 'PROPN', 'PROPN', 'PROPN', 'PROPN', 'NOUN', 'ADP', 'PRON', 'VERB', 'SCONJ', 'PRON', 'VERB', 'ADJ']	['O', 'O', 'O', 'O', 'O', 'O', 'O', 'O', 'O', 'O', 'O', 'O', 'O']	O	B-MISC
489	828	#espys	4	4	['PROPN']	['O']	"rt @user1292 : the #espys open with a powerful black lives matter tribute : "" we all have to do better "" url497 url621 ‚Ä¶"	['X', 'X', 'PUNCT', 'DET', 'PROPN', 'ADJ', 'ADP', 'DET', 'ADJ', 'ADJ', 'NOUN', 'VERB', 'NOUN', 'PUNCT', 'PUNCT', 'PRON', 'DET', 'VERB', 'PART', 'VERB', 'ADV', 'PUNCT', 'X', 'X', 'PUNCT']	['O', 'O', 'O', 'O', 'O', 'O', 'O', 'O', 'O', 'B-ORG', 'I-ORG', 'I-ORG', 'O', 'O', 'O', 'O', 'O', 'O', 'O', 'O', 'O', 'O', 'O', 'O', 'O']	B-MISC	B-MISC
490	835	mrs	8	8	['PROPN']	['O']	rt @user1346 : when your mate who 's mrs rarely lets him out makes it to the pub url1013	['X', 'X', 'PUNCT', 'ADV', 'PRON', 'NOUN', 'PRON', 'AUX', 'PROPN', 'ADV', 'VERB', 'PRON', 'ADP', 'VERB', 'PRON', 'ADP', 'DET', 'NOUN', 'X']	['O', 'O', 'O', 'O', 'O', 'O', 'O', 'O', 'O', 'O', 'O', 'O', 'O', 'O', 'O', 'O', 'O', 'O', 'O']	B-MISC	O
495	845	cnblue	4	4	['PROPN']	['O']	rt @user966 : 20160319 cnblue #cometogetherinchongqing url767 url1452	['X', 'X', 'PUNCT', 'NUM', 'PROPN', 'X', 'X', 'X']	['O', 'O', 'O', 'O', 'O', 'O', 'O', 'O']	O	B-ORG
502	862	#gbv	21	21	['PROPN']	['O']	rt @user1411 : women are more likely to experience physical violence committed by their spouse than men . speak up against #gbv . url222 ‚Ä¶	['X', 'X', 'PUNCT', 'NOUN', 'AUX', 'ADV', 'ADJ', 'PART', 'VERB', 'ADJ', 'NOUN', 'VERB', 'ADP', 'PRON', 'NOUN', 'ADP', 'NOUN', 'PUNCT', 'VERB', 'ADP', 'ADP', 'PROPN', 'PUNCT', 'X', 'PUNCT']	['O', 'O', 'O', 'O', 'O', 'O', 'O', 'O', 'O', 'O', 'O', 'O', 'O', 'O', 'O', 'O', 'O', 'O', 'O', 'O', 'O', 'O', 'O', 'O', 'O']	B-MISC	B-MISC
504	864	#studentexperience	5	5	['PROPN']	['O']	"rt @user2154 : "" the #studentexperience @user2155 has made me who i am today "" #uniexperience video : url805 url220 ‚Ä¶"	['X', 'X', 'PUNCT', 'PUNCT', 'DET', 'PROPN', 'PROPN', 'AUX', 'VERB', 'PRON', 'PRON', 'PRON', 'AUX', 'NOUN', 'PUNCT', 'PROPN', 'NOUN', 'PUNCT', 'X', 'X', 'PUNCT']	['O', 'O', 'O', 'O', 'O', 'O', 'O', 'O', 'O', 'O', 'O', 'O', 'O', 'O', 'O', 'O', 'O', 'O', 'O', 'O', 'O']	O	O
506	864	#uniexperience	15	15	['PROPN']	['O']	"rt @user2154 : "" the #studentexperience @user2155 has made me who i am today "" #uniexperience video : url805 url220 ‚Ä¶"	['X', 'X', 'PUNCT', 'PUNCT', 'DET', 'PROPN', 'PROPN', 'AUX', 'VERB', 'PRON', 'PRON', 'PRON', 'AUX', 'NOUN', 'PUNCT', 'PROPN', 'NOUN', 'PUNCT', 'X', 'X', 'PUNCT']	['O', 'O', 'O', 'O', 'O', 'O', 'O', 'O', 'O', 'O', 'O', 'O', 'O', 'O', 'O', 'O', 'O', 'O', 'O', 'O', 'O']	O	O
513	872	#amazon	7	7	['PROPN']	['O']	the easiest way to make money with #amazon #affiliate url1558 #blogging #webmaster google 's parent company alphabet is ‚Ä¶	['DET', 'ADJ', 'NOUN', 'PART', 'VERB', 'NOUN', 'ADP', 'PROPN', 'PROPN', 'X', 'X', 'X', 'PROPN', 'PART', 'NOUN', 'NOUN', 'PROPN', 'AUX', 'PUNCT']	['O', 'O', 'O', 'O', 'O', 'O', 'O', 'O', 'O', 'O', 'O', 'O', 'B-ORG', 'O', 'O', 'O', 'B-ORG', 'O', 'O']	B-ORG	B-ORG
514	872	#affiliate	8	8	['PROPN']	['O']	the easiest way to make money with #amazon #affiliate url1558 #blogging #webmaster google 's parent company alphabet is ‚Ä¶	['DET', 'ADJ', 'NOUN', 'PART', 'VERB', 'NOUN', 'ADP', 'PROPN', 'PROPN', 'X', 'X', 'X', 'PROPN', 'PART', 'NOUN', 'NOUN', 'PROPN', 'AUX', 'PUNCT']	['O', 'O', 'O', 'O', 'O', 'O', 'O', 'O', 'O', 'O', 'O', 'O', 'B-ORG', 'O', 'O', 'O', 'B-ORG', 'O', 'O']	O	B-MISC
520	887	#westworld	15	15	['PROPN']	['O']	rt @user1677 : our genius producer / writers / showrunners answer a few things about #westworld url1555	['X', 'X', 'PUNCT', 'PRON', 'NOUN', 'NOUN', 'PUNCT', 'NOUN', 'PUNCT', 'NOUN', 'VERB', 'DET', 'ADJ', 'NOUN', 'ADP', 'PROPN', 'X']	['O', 'O', 'O', 'O', 'O', 'O', 'O', 'O', 'O', 'O', 'O', 'O', 'O', 'O', 'O', 'O', 'O']	B-MISC	B-MISC
521	889	uk	5	5	['PROPN']	['O']	i totally agree ban islam uk url512	['PRON', 'ADV', 'VERB', 'VERB', 'PROPN', 'PROPN', 'X']	['O', 'O', 'O', 'O', 'B-MISC', 'O', 'O']	B-PER	B-LOC
523	891	ekpe	4	4	['PROPN']	['O']	@user397 we love you ekpe please !!	['PROPN', 'PRON', 'VERB', 'PRON', 'PROPN', 'INTJ', 'PUNCT']	['O', 'O', 'O', 'O', 'O', 'O', 'O']	O	B-PER
527	901	iu	18	18	['PROPN']	['O']	rt @user2619 : rt iuqties : do n't forget that ftisland 's jaejin also is a fan of iu ! üòÇ url1124	['X', 'X', 'PUNCT', 'VERB', 'NOUN', 'PUNCT', 'AUX', 'PART', 'VERB', 'SCONJ', 'PROPN', 'PART', 'PROPN', 'ADV', 'AUX', 'DET', 'NOUN', 'ADP', 'PROPN', 'PUNCT', 'SYM', 'X']	['O', 'O', 'O', 'O', 'O', 'O', 'O', 'O', 'O', 'O', 'B-ORG', 'O', 'B-PER', 'O', 'O', 'O', 'O', 'O', 'O', 'O', 'O', 'O']	B-MISC	B-PER
535	909	#9thehabibs	1	1	['PROPN']	['O']	watching #9thehabibs is like hanging out with my in - laws . yella habibi ! üòÇ	['VERB', 'PROPN', 'AUX', 'INTJ', 'VERB', 'ADP', 'ADP', 'PRON', 'ADP', 'PUNCT', 'NOUN', 'PUNCT', 'PROPN', 'PROPN', 'PUNCT', 'SYM']	['O', 'O', 'O', 'O', 'O', 'O', 'O', 'O', 'O', 'O', 'O', 'O', 'O', 'O', 'O', 'O']	B-MISC	B-MISC
543	931	po	10	10	['PROPN']	['O']	rt @user2298 : uhm funny po ako üòπ thank you po ! #stbratsexhibit url655	['X', 'X', 'PUNCT', 'INTJ', 'ADJ', 'PROPN', 'PROPN', 'SYM', 'VERB', 'PRON', 'PROPN', 'PUNCT', 'X', 'X']	['O', 'O', 'O', 'O', 'O', 'O', 'O', 'O', 'O', 'O', 'O', 'O', 'O', 'O']	O	O
547	950	keen	19	19	['PROPN']	['O']	url824 retweeted i 'm in the arndale centre i have 8 hours to wait for the signing talk about keen url690	['X', 'VERB', 'PRON', 'AUX', 'ADP', 'DET', 'PROPN', 'NOUN', 'PRON', 'VERB', 'NUM', 'NOUN', 'PART', 'VERB', 'ADP', 'DET', 'NOUN', 'VERB', 'ADP', 'PROPN', 'X']	['O', 'O', 'O', 'O', 'O', 'O', 'B-LOC', 'I-LOC', 'O', 'O', 'O', 'O', 'O', 'O', 'O', 'O', 'O', 'O', 'O', 'O', 'O']	B-MISC	B-MISC
552	973	#teenchoice	2	2	['PROPN']	['O']	ix my #teenchoice nominee for #socialmediaqueen #choicefemalehottie #choiceinstagrammer is britney spears	['NUM', 'PRON', 'PROPN', 'NOUN', 'ADP', 'PROPN', 'PROPN', 'PROPN', 'AUX', 'PROPN', 'PROPN']	['O', 'O', 'O', 'O', 'O', 'O', 'O', 'O', 'O', 'B-PER', 'I-PER']	O	B-MISC
553	973	#socialmediaqueen	5	5	['PROPN']	['O']	ix my #teenchoice nominee for #socialmediaqueen #choicefemalehottie #choiceinstagrammer is britney spears	['NUM', 'PRON', 'PROPN', 'NOUN', 'ADP', 'PROPN', 'PROPN', 'PROPN', 'AUX', 'PROPN', 'PROPN']	['O', 'O', 'O', 'O', 'O', 'O', 'O', 'O', 'O', 'B-PER', 'I-PER']	O	B-MISC
554	973	#choicefemalehottie	6	6	['PROPN']	['O']	ix my #teenchoice nominee for #socialmediaqueen #choicefemalehottie #choiceinstagrammer is britney spears	['NUM', 'PRON', 'PROPN', 'NOUN', 'ADP', 'PROPN', 'PROPN', 'PROPN', 'AUX', 'PROPN', 'PROPN']	['O', 'O', 'O', 'O', 'O', 'O', 'O', 'O', 'O', 'B-PER', 'I-PER']	O	B-MISC
555	973	#choiceinstagrammer	7	7	['PROPN']	['O']	ix my #teenchoice nominee for #socialmediaqueen #choicefemalehottie #choiceinstagrammer is britney spears	['NUM', 'PRON', 'PROPN', 'NOUN', 'ADP', 'PROPN', 'PROPN', 'PROPN', 'AUX', 'PROPN', 'PROPN']	['O', 'O', 'O', 'O', 'O', 'O', 'O', 'O', 'O', 'B-PER', 'I-PER']	B-MISC	B-MISC
565	984	#sdcc2016	6	6	['PROPN']	['O']	rt @user777 : friday night at #sdcc2016 with sis , @user1679 covered in magic ! #onceuponatime #evilregalsdcc ‚ù§Ô∏èü¶Ñüíö url1178	['X', 'X', 'PUNCT', 'PROPN', 'NOUN', 'ADP', 'PROPN', 'ADP', 'NOUN', 'PUNCT', 'PROPN', 'VERB', 'ADP', 'NOUN', 'PUNCT', 'X', 'X', 'SYM', 'X']	['O', 'O', 'O', 'O', 'O', 'O', 'O', 'O', 'O', 'O', 'O', 'O', 'O', 'O', 'O', 'O', 'O', 'O', 'O']	B-MISC	B-MISC
569	997	#hyderabad	6	6	['PROPN']	['O']	rt @user559 : join us in #hyderabad for hands - on experience with #smartmapp technology ! #igniteyourmapp url747 htt ‚Ä¶	['X', 'X', 'PUNCT', 'VERB', 'PRON', 'ADP', 'PROPN', 'ADP', 'NOUN', 'PUNCT', 'ADP', 'NOUN', 'ADP', 'PROPN', 'NOUN', 'PUNCT', 'X', 'X', 'X', 'PUNCT']	['O', 'O', 'O', 'O', 'O', 'O', 'O', 'O', 'O', 'O', 'O', 'O', 'O', 'O', 'O', 'O', 'O', 'O', 'O', 'O']	B-MISC	B-LOC
570	997	#smartmapp	13	13	['PROPN']	['O']	rt @user559 : join us in #hyderabad for hands - on experience with #smartmapp technology ! #igniteyourmapp url747 htt ‚Ä¶	['X', 'X', 'PUNCT', 'VERB', 'PRON', 'ADP', 'PROPN', 'ADP', 'NOUN', 'PUNCT', 'ADP', 'NOUN', 'ADP', 'PROPN', 'NOUN', 'PUNCT', 'X', 'X', 'X', 'PUNCT']	['O', 'O', 'O', 'O', 'O', 'O', 'O', 'O', 'O', 'O', 'O', 'O', 'O', 'O', 'O', 'O', 'O', 'O', 'O', 'O']	B-MISC	B-MISC
575	1004	rs.	14	14	['PROPN']	['O']	rt @user1990 : oneplus 3 to come to india 15th june will start at rs. 23999 url951 #oneplus #india #oneplus3	['X', 'X', 'PUNCT', 'PROPN', 'NUM', 'PART', 'VERB', 'ADP', 'PROPN', 'NOUN', 'PROPN', 'AUX', 'VERB', 'ADP', 'PROPN', 'NUM', 'X', 'X', 'X', 'X']	['O', 'O', 'O', 'B-MISC', 'I-MISC', 'O', 'O', 'O', 'B-LOC', 'O', 'O', 'O', 'O', 'O', 'O', 'O', 'O', 'O', 'O', 'O']	O	B-MISC
579	1011	pc	5	5	['PROPN']	['O']	rt @user511 : asus gaming pc giveaway follow me & @user490 turn on mobile notifications retweet this tweet url253 ‚Ä¶	['X', 'X', 'PUNCT', 'PROPN', 'NOUN', 'PROPN', 'NOUN', 'VERB', 'PRON', 'CCONJ', 'X', 'VERB', 'ADP', 'ADJ', 'NOUN', 'VERB', 'DET', 'NOUN', 'X', 'PUNCT']	['O', 'O', 'O', 'B-ORG', 'O', 'O', 'O', 'O', 'O', 'O', 'O', 'O', 'O', 'O', 'O', 'O', 'O', 'O', 'O', 'O']	O	O
587	1029	#dollyparton	0	0	['PROPN']	['O']	#dollyparton announces first tour in over 25 years #dollyparton ... #dollyparton url766	['PROPN', 'VERB', 'ADJ', 'NOUN', 'ADP', 'ADV', 'NUM', 'NOUN', 'X', 'PUNCT', 'X', 'X']	['O', 'O', 'O', 'O', 'O', 'O', 'O', 'O', 'O', 'O', 'O', 'O']	B-PER	B-PER
589	1032	#designshanghai	20	20	['PROPN']	['O']	rt @user361 : deeply saddened by the news of zaha hadid 's passing , we remember her amazing work at #designshanghai 2016 . url224 ‚Ä¶	['X', 'X', 'PUNCT', 'ADV', 'VERB', 'ADP', 'DET', 'NOUN', 'ADP', 'PROPN', 'PROPN', 'PART', 'NOUN', 'PUNCT', 'PRON', 'VERB', 'PRON', 'ADJ', 'NOUN', 'ADP', 'PROPN', 'NUM', 'PUNCT', 'X', 'PUNCT']	['O', 'O', 'O', 'O', 'O', 'O', 'O', 'O', 'O', 'B-PER', 'I-PER', 'O', 'O', 'O', 'O', 'O', 'O', 'O', 'O', 'O', 'O', 'O', 'O', 'O', 'O']	B-MISC	B-ORG
593	1039	#caveman	10	10	['PROPN']	['O']	rt @user60 : it 's a strong look ! the #caveman gym #kitbag used by @user1489 bowler @user202 #teamaffinity #gymferret üëäüí™ url217 ‚Ä¶	['X', 'X', 'PUNCT', 'PRON', 'AUX', 'DET', 'ADJ', 'NOUN', 'PUNCT', 'DET', 'PROPN', 'NOUN', 'NOUN', 'VERB', 'ADP', 'PROPN', 'NOUN', 'PROPN', 'X', 'X', 'SYM', 'X', 'PUNCT']	['O', 'O', 'O', 'O', 'O', 'O', 'O', 'O', 'O', 'O', 'O', 'O', 'O', 'O', 'O', 'O', 'O', 'O', 'O', 'O', 'O', 'O', 'O']	B-MISC	B-MISC
600	1048	k-pop	7	7	['PROPN']	['O']	"my friend : "" do you love k-pop ? you ‚Äôre not a korean . ‚Äù /// me : ‚Äú why ? do we need to be italian to love pizza ? ‚Äù"	['PRON', 'NOUN', 'PUNCT', 'PUNCT', 'AUX', 'PRON', 'VERB', 'PROPN', 'PUNCT', 'PRON', 'AUX', 'PART', 'DET', 'PROPN', 'PUNCT', 'PUNCT', 'PUNCT', 'PRON', 'PUNCT', 'PUNCT', 'ADV', 'PUNCT', 'AUX', 'PRON', 'VERB', 'PART', 'AUX', 'PROPN', 'PART', 'VERB', 'NOUN', 'PUNCT', 'PUNCT']	['O', 'O', 'O', 'O', 'O', 'O', 'O', 'O', 'O', 'O', 'O', 'O', 'O', 'B-MISC', 'O', 'O', 'O', 'O', 'O', 'O', 'O', 'O', 'O', 'O', 'O', 'O', 'O', 'B-MISC', 'O', 'O', 'O', 'O', 'O']	B-MISC	B-MISC
602	1051	sommeli√®re	4	4	['PROPN']	['O']	congrats @user2339 2nd best sommeli√®re in the world and 4th among all contendants at #bestworldsommarg2016 . #vamospaz felicidades !!!	['NOUN', 'PROPN', 'ADV', 'ADJ', 'PROPN', 'ADP', 'DET', 'NOUN', 'CCONJ', 'NOUN', 'ADP', 'DET', 'NOUN', 'ADP', 'PROPN', 'PUNCT', 'X', 'INTJ', 'PUNCT']	['O', 'O', 'O', 'O', 'O', 'O', 'O', 'O', 'O', 'O', 'O', 'O', 'O', 'O', 'O', 'O', 'O', 'O', 'O']	O	O
603	1051	#bestworldsommarg2016	14	14	['PROPN']	['O']	congrats @user2339 2nd best sommeli√®re in the world and 4th among all contendants at #bestworldsommarg2016 . #vamospaz felicidades !!!	['NOUN', 'PROPN', 'ADV', 'ADJ', 'PROPN', 'ADP', 'DET', 'NOUN', 'CCONJ', 'NOUN', 'ADP', 'DET', 'NOUN', 'ADP', 'PROPN', 'PUNCT', 'X', 'INTJ', 'PUNCT']	['O', 'O', 'O', 'O', 'O', 'O', 'O', 'O', 'O', 'O', 'O', 'O', 'O', 'O', 'O', 'O', 'O', 'O', 'O']	B-MISC	B-MISC
608	1058	#xboxone	8	8	['PROPN']	['O']	rt @user1103 : who wants to win a #xboxone ? simply retweet to everyone & follow us to enter contest url947 url222 ‚Ä¶	['X', 'X', 'PUNCT', 'PRON', 'VERB', 'PART', 'VERB', 'DET', 'PROPN', 'PUNCT', 'ADV', 'VERB', 'ADP', 'PRON', 'CCONJ', 'VERB', 'PRON', 'PART', 'VERB', 'NOUN', 'X', 'X', 'PUNCT']	['O', 'O', 'O', 'O', 'O', 'O', 'O', 'O', 'O', 'O', 'O', 'O', 'O', 'O', 'O', 'O', 'O', 'O', 'O', 'O', 'O', 'O', 'O']	B-MISC	B-MISC
612	1063	rp	9	9	['PROPN']	['O']	rt @user1466 : // guys shoutout to @user1240 go rp with him he needs more sls !	['X', 'X', 'PUNCT', 'SYM', 'NOUN', 'VERB', 'ADP', 'PROPN', 'VERB', 'PROPN', 'ADP', 'PRON', 'PRON', 'VERB', 'ADJ', 'PROPN', 'PUNCT']	['O', 'O', 'O', 'O', 'O', 'O', 'O', 'O', 'O', 'O', 'O', 'O', 'O', 'O', 'O', 'O', 'O']	O	O
613	1063	sls	15	15	['PROPN']	['O']	rt @user1466 : // guys shoutout to @user1240 go rp with him he needs more sls !	['X', 'X', 'PUNCT', 'SYM', 'NOUN', 'VERB', 'ADP', 'PROPN', 'VERB', 'PROPN', 'ADP', 'PRON', 'PRON', 'VERB', 'ADJ', 'PROPN', 'PUNCT']	['O', 'O', 'O', 'O', 'O', 'O', 'O', 'O', 'O', 'O', 'O', 'O', 'O', 'O', 'O', 'O', 'O']	O	O
615	1068	xmas	13	13	['PROPN']	['O']	#golfing #golfnews 1999 new in box mr christmas animated musical golfing santa 15 xmas ... url1119 url656	['X', 'X', 'NUM', 'ADJ', 'ADP', 'NOUN', 'PROPN', 'PROPN', 'ADJ', 'PROPN', 'VERB', 'PROPN', 'NUM', 'PROPN', 'PUNCT', 'X', 'X']	['O', 'O', 'O', 'O', 'O', 'O', 'B-MISC', 'I-MISC', 'I-MISC', 'I-MISC', 'I-MISC', 'I-MISC', 'O', 'O', 'O', 'O', 'O']	B-MISC	B-MISC
617	1075	#contestalert	3	3	['PROPN']	['O']	rt @user1270 : #contestalert show us some love ! gear up for #sultantraileronsony at 7 pm because it 's sultan trailer day !	['X', 'X', 'PUNCT', 'PROPN', 'VERB', 'PRON', 'DET', 'NOUN', 'PUNCT', 'VERB', 'ADP', 'ADP', 'PROPN', 'ADP', 'NUM', 'NOUN', 'SCONJ', 'PRON', 'AUX', 'PROPN', 'NOUN', 'NOUN', 'PUNCT']	['O', 'O', 'O', 'O', 'O', 'O', 'O', 'O', 'O', 'O', 'O', 'O', 'O', 'O', 'O', 'O', 'O', 'O', 'O', 'B-MISC', 'O', 'O', 'O']	B-MISC	O
618	1075	#sultantraileronsony	12	12	['PROPN']	['O']	rt @user1270 : #contestalert show us some love ! gear up for #sultantraileronsony at 7 pm because it 's sultan trailer day !	['X', 'X', 'PUNCT', 'PROPN', 'VERB', 'PRON', 'DET', 'NOUN', 'PUNCT', 'VERB', 'ADP', 'ADP', 'PROPN', 'ADP', 'NUM', 'NOUN', 'SCONJ', 'PRON', 'AUX', 'PROPN', 'NOUN', 'NOUN', 'PUNCT']	['O', 'O', 'O', 'O', 'O', 'O', 'O', 'O', 'O', 'O', 'O', 'O', 'O', 'O', 'O', 'O', 'O', 'O', 'O', 'B-MISC', 'O', 'O', 'O']	B-MISC	B-MISC
621	1077	#educatorsplaybook	3	3	['PROPN']	['O']	rt @user1048 : #educatorsplaybook : @user379 offers advice for high school athletes choosing colleges url572 url222 ‚Ä¶	['X', 'X', 'PUNCT', 'PROPN', 'PUNCT', 'PROPN', 'VERB', 'NOUN', 'ADP', 'ADJ', 'NOUN', 'NOUN', 'VERB', 'NOUN', 'X', 'X', 'PUNCT']	['O', 'O', 'O', 'O', 'O', 'O', 'O', 'O', 'O', 'O', 'O', 'O', 'O', 'O', 'O', 'O', 'O']	O	B-MISC
630	1094	caravan	20	20	['PROPN']	['O']	rt @user615 : @user1581 this unstoppable carvan vl go far ! satan & his disciples has not much power2stop this caravan ! #200daysmsg2 s a bash ‚Ä¶	['X', 'X', 'PUNCT', 'PROPN', 'DET', 'ADJ', 'PROPN', 'PROPN', 'VERB', 'ADV', 'PUNCT', 'PROPN', 'CCONJ', 'PRON', 'NOUN', 'VERB', 'ADV', 'ADJ', 'NOUN', 'DET', 'PROPN', 'PUNCT', 'PROPN', 'AUX', 'DET', 'NOUN', 'PUNCT']	['O', 'O', 'O', 'O', 'O', 'O', 'O', 'O', 'O', 'O', 'O', 'B-PER', 'O', 'O', 'O', 'O', 'O', 'O', 'O', 'O', 'O', 'O', 'O', 'O', 'O', 'O', 'O']	O	O
631	1094	#200daysmsg2	22	22	['PROPN']	['O']	rt @user615 : @user1581 this unstoppable carvan vl go far ! satan & his disciples has not much power2stop this caravan ! #200daysmsg2 s a bash ‚Ä¶	['X', 'X', 'PUNCT', 'PROPN', 'DET', 'ADJ', 'PROPN', 'PROPN', 'VERB', 'ADV', 'PUNCT', 'PROPN', 'CCONJ', 'PRON', 'NOUN', 'VERB', 'ADV', 'ADJ', 'NOUN', 'DET', 'PROPN', 'PUNCT', 'PROPN', 'AUX', 'DET', 'NOUN', 'PUNCT']	['O', 'O', 'O', 'O', 'O', 'O', 'O', 'O', 'O', 'O', 'O', 'B-PER', 'O', 'O', 'O', 'O', 'O', 'O', 'O', 'O', 'O', 'O', 'O', 'O', 'O', 'O', 'O']	O	B-MISC
635	1097	#genstemgirls	9	9	['PROPN']	['O']	rt @user1914 : . @user888 is looking for some #genstemgirls to help make the world a better place . sounds like a job for girl scouts ! url218 ‚Ä¶	['X', 'X', 'PUNCT', 'PUNCT', 'PROPN', 'AUX', 'VERB', 'ADP', 'DET', 'PROPN', 'PART', 'VERB', 'VERB', 'DET', 'NOUN', 'DET', 'ADJ', 'NOUN', 'PUNCT', 'VERB', 'ADP', 'DET', 'NOUN', 'ADP', 'PROPN', 'PROPN', 'PUNCT', 'X', 'PUNCT']	['O', 'O', 'O', 'O', 'O', 'O', 'O', 'O', 'O', 'O', 'O', 'O', 'O', 'O', 'O', 'O', 'O', 'O', 'O', 'O', 'O', 'O', 'O', 'O', 'B-ORG', 'I-ORG', 'O', 'O', 'O']	B-MISC	O
638	1099	cns	16	16	['PROPN']	['O']	top catholic news * women leaders share their stories at vatican event : vatican city ( cns ) -- in the heart ... url542	['ADJ', 'ADJ', 'NOUN', 'PUNCT', 'NOUN', 'NOUN', 'VERB', 'PRON', 'NOUN', 'ADP', 'PROPN', 'NOUN', 'PUNCT', 'PROPN', 'PROPN', 'PUNCT', 'PROPN', 'PUNCT', 'PUNCT', 'ADP', 'DET', 'NOUN', 'PUNCT', 'X']	['O', 'B-MISC', 'O', 'O', 'O', 'O', 'O', 'O', 'O', 'O', 'B-LOC', 'O', 'O', 'B-LOC', 'I-LOC', 'O', 'O', 'O', 'O', 'O', 'O', 'O', 'O', 'O']	B-MISC	B-ORG
639	1100	#rednose4kids	7	7	['PROPN']	['O']	rt @user1111 : tweet or rt using #rednose4kids and @user1905 will donate $ 10 to end child poverty . #rednoseday url1607 ‚Ä¶	['X', 'X', 'PUNCT', 'VERB', 'CCONJ', 'VERB', 'VERB', 'PROPN', 'CCONJ', 'PROPN', 'AUX', 'VERB', 'SYM', 'NUM', 'ADP', 'VERB', 'NOUN', 'NOUN', 'PUNCT', 'X', 'X', 'PUNCT']	['O', 'O', 'O', 'O', 'O', 'O', 'O', 'O', 'O', 'O', 'O', 'O', 'O', 'O', 'O', 'O', 'O', 'O', 'O', 'O', 'O', 'O']	O	O
641	1111	#adidas	3	3	['PROPN']	['O']	"rt @user1351 : #adidas ultra boost on sale for $ 136 with code "" c6e2y23e "" and vip membership -> url687 url1572 ‚Ä¶"	['X', 'X', 'PUNCT', 'PROPN', 'ADJ', 'NOUN', 'ADP', 'NOUN', 'ADP', 'SYM', 'NUM', 'ADP', 'NOUN', 'PUNCT', 'NOUN', 'PUNCT', 'CCONJ', 'PROPN', 'NOUN', 'SYM', 'X', 'X', 'PUNCT']	['O', 'O', 'O', 'O', 'B-MISC', 'I-MISC', 'O', 'O', 'O', 'O', 'O', 'O', 'O', 'O', 'O', 'O', 'O', 'O', 'O', 'O', 'O', 'O', 'O']	B-MISC	B-ORG
642	1111	vip	17	17	['PROPN']	['O']	"rt @user1351 : #adidas ultra boost on sale for $ 136 with code "" c6e2y23e "" and vip membership -> url687 url1572 ‚Ä¶"	['X', 'X', 'PUNCT', 'PROPN', 'ADJ', 'NOUN', 'ADP', 'NOUN', 'ADP', 'SYM', 'NUM', 'ADP', 'NOUN', 'PUNCT', 'NOUN', 'PUNCT', 'CCONJ', 'PROPN', 'NOUN', 'SYM', 'X', 'X', 'PUNCT']	['O', 'O', 'O', 'O', 'B-MISC', 'I-MISC', 'O', 'O', 'O', 'O', 'O', 'O', 'O', 'O', 'O', 'O', 'O', 'O', 'O', 'O', 'O', 'O', 'O']	O	O
645	1114	#mets	11	11	['PROPN']	['O']	rt @user908 : . @user2642 plates cabrera to make it 3-0 #mets ! url728	['X', 'X', 'PUNCT', 'PUNCT', 'PROPN', 'VERB', 'PROPN', 'PART', 'VERB', 'PRON', 'NUM', 'PROPN', 'PUNCT', 'X']	['O', 'O', 'O', 'O', 'O', 'O', 'B-PER', 'O', 'O', 'O', 'O', 'O', 'O', 'O']	O	B-MISC
649	1120	#seo	2	2	['PROPN']	['O']	#miguelramose url809 #seo will manually build 10 high pr web 2.0 pbn url1441	['X', 'X', 'PROPN', 'AUX', 'ADV', 'VERB', 'NUM', 'ADJ', 'NOUN', 'NOUN', 'NUM', 'PROPN', 'X']	['O', 'O', 'O', 'O', 'O', 'O', 'O', 'O', 'O', 'O', 'O', 'O', 'O']	O	O
650	1120	pbn	11	11	['PROPN']	['O']	#miguelramose url809 #seo will manually build 10 high pr web 2.0 pbn url1441	['X', 'X', 'PROPN', 'AUX', 'ADV', 'VERB', 'NUM', 'ADJ', 'NOUN', 'NOUN', 'NUM', 'PROPN', 'X']	['O', 'O', 'O', 'O', 'O', 'O', 'O', 'O', 'O', 'O', 'O', 'O', 'O']	O	O
654	1125	terra	1	1	['PROPN']	['O']	hello terra , teeshirts and hoodies are named by u ! order now ! : url577 . thank @user1666 url677	['INTJ', 'PROPN', 'PUNCT', 'NOUN', 'CCONJ', 'NOUN', 'AUX', 'VERB', 'ADP', 'PRON', 'PUNCT', 'VERB', 'ADV', 'PUNCT', 'PUNCT', 'X', 'PUNCT', 'VERB', 'PROPN', 'X']	['O', 'O', 'O', 'O', 'O', 'O', 'O', 'O', 'O', 'O', 'O', 'O', 'O', 'O', 'O', 'O', 'O', 'O', 'O', 'O']	B-MISC	B-PER
656	1130	junior	4	4	['PROPN']	['O']	register now for the junior @user136 u8/10/12/14/16/19 - easter 2017 - just ¬£ 290 pp	['VERB', 'ADV', 'ADP', 'DET', 'PROPN', 'PROPN', 'PROPN', 'PUNCT', 'PROPN', 'NUM', 'PUNCT', 'ADV', 'SYM', 'NUM', 'NOUN']	['O', 'O', 'O', 'O', 'O', 'O', 'O', 'O', 'B-MISC', 'I-MISC', 'O', 'O', 'O', 'O', 'O']	O	B-MISC
661	1139	gdp	9	9	['PROPN']	['O']	rt @user994 : quality of life matters more than gdp . our infrastructure is at breaking point inside eu . #bbcqt url1486	['X', 'X', 'PUNCT', 'NOUN', 'ADP', 'NOUN', 'VERB', 'ADV', 'ADP', 'PROPN', 'PUNCT', 'PRON', 'NOUN', 'AUX', 'ADP', 'VERB', 'NOUN', 'ADV', 'PROPN', 'PUNCT', 'X', 'X']	['O', 'O', 'O', 'O', 'O', 'O', 'O', 'O', 'O', 'O', 'O', 'O', 'O', 'O', 'O', 'O', 'O', 'O', 'B-LOC', 'O', 'O', 'O']	O	O
670	1169	#truelovethm	16	16	['PROPN']	['O']	#win a ¬£ 50 voucher . valid at over 1 k restaurants to enter rt&f with #truelovethm & register url1039 url842	['VERB', 'DET', 'SYM', 'NUM', 'NOUN', 'PUNCT', 'ADJ', 'ADP', 'ADV', 'NUM', 'NUM', 'NOUN', 'PART', 'VERB', 'VERB', 'ADP', 'PROPN', 'CCONJ', 'VERB', 'X', 'X']	['O', 'O', 'O', 'O', 'O', 'O', 'O', 'O', 'O', 'O', 'O', 'O', 'O', 'O', 'O', 'O', 'O', 'O', 'O', 'O', 'O']	O	O
675	1181	#cleanupjnu	3	3	['PROPN']	['O']	rt @user1635 : #cleanupjnu agree with everything , but right to free speech has limits and the people need to understand that .. url223 ‚Ä¶	['X', 'X', 'PUNCT', 'PROPN', 'VERB', 'ADP', 'PRON', 'PUNCT', 'CCONJ', 'NOUN', 'ADP', 'ADJ', 'NOUN', 'VERB', 'NOUN', 'CCONJ', 'DET', 'NOUN', 'VERB', 'PART', 'VERB', 'PRON', 'PUNCT', 'X', 'PUNCT']	['O', 'O', 'O', 'O', 'O', 'O', 'O', 'O', 'O', 'O', 'O', 'O', 'O', 'O', 'O', 'O', 'O', 'O', 'O', 'O', 'O', 'O', 'O', 'O', 'O']	B-MISC	B-ORG
684	1188	#marines	9	9	['PROPN']	['O']	rt @user468 : 71 years ago today , @user1412 #marines began the battle for iwo jima . url308	['X', 'X', 'PUNCT', 'NUM', 'NOUN', 'ADV', 'NOUN', 'PUNCT', 'PROPN', 'PROPN', 'VERB', 'DET', 'NOUN', 'ADP', 'PROPN', 'PROPN', 'PUNCT', 'X']	['O', 'O', 'O', 'O', 'O', 'O', 'O', 'O', 'O', 'O', 'O', 'O', 'B-MISC', 'I-MISC', 'I-MISC', 'I-MISC', 'O', 'O']	B-ORG	B-ORG
688	1203	#abb	2	2	['PROPN']	['O']	watch this #abb video : url1439 - ron popper talks about human rights and its importance for abb url793	['VERB', 'DET', 'PROPN', 'NOUN', 'PUNCT', 'X', 'PUNCT', 'PROPN', 'PROPN', 'NOUN', 'ADP', 'ADJ', 'NOUN', 'CCONJ', 'PRON', 'NOUN', 'ADP', 'PROPN', 'X']	['O', 'O', 'O', 'O', 'O', 'O', 'O', 'B-PER', 'I-PER', 'O', 'O', 'O', 'O', 'O', 'O', 'O', 'O', 'B-ORG', 'O']	B-MISC	O
698	1223	#ralphlauren	8	8	['PROPN']	['O']	classy range of #men #footwear for him featuring #ralphlauren #tods #originalpenguin & more ! url251 url1503	['ADJ', 'NOUN', 'ADP', 'NOUN', 'NOUN', 'ADP', 'PRON', 'VERB', 'PROPN', 'PROPN', 'PROPN', 'CCONJ', 'ADJ', 'PUNCT', 'X', 'X']	['O', 'O', 'O', 'O', 'O', 'O', 'O', 'O', 'O', 'O', 'O', 'O', 'O', 'O', 'O', 'O']	B-PER	B-ORG
699	1223	#tods	9	9	['PROPN']	['O']	classy range of #men #footwear for him featuring #ralphlauren #tods #originalpenguin & more ! url251 url1503	['ADJ', 'NOUN', 'ADP', 'NOUN', 'NOUN', 'ADP', 'PRON', 'VERB', 'PROPN', 'PROPN', 'PROPN', 'CCONJ', 'ADJ', 'PUNCT', 'X', 'X']	['O', 'O', 'O', 'O', 'O', 'O', 'O', 'O', 'O', 'O', 'O', 'O', 'O', 'O', 'O', 'O']	B-PER	B-ORG
700	1223	#originalpenguin	10	10	['PROPN']	['O']	classy range of #men #footwear for him featuring #ralphlauren #tods #originalpenguin & more ! url251 url1503	['ADJ', 'NOUN', 'ADP', 'NOUN', 'NOUN', 'ADP', 'PRON', 'VERB', 'PROPN', 'PROPN', 'PROPN', 'CCONJ', 'ADJ', 'PUNCT', 'X', 'X']	['O', 'O', 'O', 'O', 'O', 'O', 'O', 'O', 'O', 'O', 'O', 'O', 'O', 'O', 'O', 'O']	B-PER	B-ORG
701	1230	ca	8	8	['PROPN']	['O']	9917 s mission blvd , jurupa valley , ca 92509 sold on 6/17/16 listed for $ 385,000 sold for ‚Ä¶ url1235	['NUM', 'PROPN', 'PROPN', 'PROPN', 'PUNCT', 'PROPN', 'PROPN', 'PUNCT', 'PROPN', 'NUM', 'VERB', 'ADP', 'NUM', 'VERB', 'ADP', 'SYM', 'NUM', 'VERB', 'ADP', 'PUNCT', 'X']	['B-LOC', 'I-LOC', 'I-LOC', 'I-LOC', 'O', 'B-LOC', 'I-LOC', 'O', 'O', 'O', 'O', 'O', 'O', 'O', 'O', 'O', 'O', 'O', 'O', 'O', 'O']	B-MISC	B-LOC
702	1231	modest	3	3	['PROPN']	['O']	rt @user1933 : modest literally trapped zayn holy	['X', 'X', 'PUNCT', 'PROPN', 'ADV', 'VERB', 'PROPN', 'ADV']	['O', 'O', 'O', 'O', 'O', 'O', 'B-PER', 'O']	B-MISC	O
705	1241	subhan	3	3	['PROPN']	['O']	rt @user1126 : subhan ' allah . the only cloud in the whole sky is blocking the sun & protecting those who are worshipping . url567 ‚Ä¶	['X', 'X', 'PUNCT', 'PROPN', 'PART', 'PROPN', 'PUNCT', 'DET', 'ADJ', 'NOUN', 'ADP', 'DET', 'ADJ', 'NOUN', 'AUX', 'VERB', 'DET', 'NOUN', 'CCONJ', 'VERB', 'PRON', 'PRON', 'AUX', 'VERB', 'PUNCT', 'X', 'PUNCT']	['O', 'O', 'O', 'O', 'O', 'O', 'O', 'O', 'O', 'O', 'O', 'O', 'O', 'O', 'O', 'O', 'O', 'O', 'O', 'O', 'O', 'O', 'O', 'O', 'O', 'O', 'O']	B-MISC	B-MISC
706	1241	allah	5	5	['PROPN']	['O']	rt @user1126 : subhan ' allah . the only cloud in the whole sky is blocking the sun & protecting those who are worshipping . url567 ‚Ä¶	['X', 'X', 'PUNCT', 'PROPN', 'PART', 'PROPN', 'PUNCT', 'DET', 'ADJ', 'NOUN', 'ADP', 'DET', 'ADJ', 'NOUN', 'AUX', 'VERB', 'DET', 'NOUN', 'CCONJ', 'VERB', 'PRON', 'PRON', 'AUX', 'VERB', 'PUNCT', 'X', 'PUNCT']	['O', 'O', 'O', 'O', 'O', 'O', 'O', 'O', 'O', 'O', 'O', 'O', 'O', 'O', 'O', 'O', 'O', 'O', 'O', 'O', 'O', 'O', 'O', 'O', 'O', 'O', 'O']	B-MISC	B-MISC
707	1242	lpg	10	10	['PROPN']	['O']	rt @user2285 : massive mission to be launched to provide lpg connections to bpl households : fm	['X', 'X', 'PUNCT', 'ADJ', 'NOUN', 'PART', 'AUX', 'VERB', 'PART', 'VERB', 'PROPN', 'NOUN', 'ADP', 'PROPN', 'NOUN', 'PUNCT', 'NOUN']	['O', 'O', 'O', 'O', 'O', 'O', 'O', 'O', 'O', 'O', 'O', 'O', 'O', 'B-ORG', 'O', 'O', 'O']	O	O
709	1248	k-5	7	7	['PROPN']	['O']	2015 - 2016 donald publishing award winners k-5 . #authorstea @user373 @user1834 url949	['NUM', 'PUNCT', 'NUM', 'PROPN', 'PROPN', 'PROPN', 'NOUN', 'PROPN', 'PUNCT', 'X', 'X', 'X', 'X']	['B-MISC', 'I-MISC', 'I-MISC', 'I-MISC', 'I-MISC', 'I-MISC', 'O', 'O', 'O', 'O', 'O', 'O', 'O']	B-MISC	B-MISC
713	1253	#rhony	5	5	['PROPN']	['O']	rt @user88 : really good #rhony tonight .	['X', 'X', 'PUNCT', 'ADV', 'ADJ', 'PROPN', 'NOUN', 'PUNCT']	['O', 'O', 'O', 'O', 'O', 'O', 'O', 'O']	O	B-MISC
714	1256	#minioncarpet	13	13	['PROPN']	['O']	rt @user1116 : #win ( 20 m2 ) 5 m x 4 m #minioncarpet from @user1116 #rt & #follow #competition #giveaway url843 ht ‚Ä¶	['X', 'X', 'PUNCT', 'VERB', 'PUNCT', 'NUM', 'NUM', 'PUNCT', 'NUM', 'NUM', 'SYM', 'NUM', 'NUM', 'PROPN', 'ADP', 'PROPN', 'VERB', 'CCONJ', 'VERB', 'NOUN', 'NOUN', 'X', 'X', 'PUNCT']	['O', 'O', 'O', 'O', 'O', 'O', 'O', 'O', 'O', 'O', 'O', 'O', 'O', 'O', 'O', 'O', 'O', 'O', 'O', 'O', 'O', 'O', 'O', 'O']	O	B-MISC
716	1259	ig	15	15	['PROPN']	['O']	rt @user1051 : podenco lounging with a ball is our definition of #weekendgoals . ( ig kurti_podenco ) url1252	['X', 'X', 'PUNCT', 'PROPN', 'VERB', 'ADP', 'DET', 'NOUN', 'AUX', 'PRON', 'NOUN', 'ADP', 'NOUN', 'PUNCT', 'PUNCT', 'PROPN', 'PROPN', 'PUNCT', 'X']	['O', 'O', 'O', 'B-PER', 'O', 'O', 'O', 'O', 'O', 'O', 'O', 'O', 'O', 'O', 'O', 'O', 'B-PER', 'O', 'O']	B-MISC	B-ORG
718	1260	ji	5	5	['PROPN']	['O']	rt @user1960 : msg @user530 ji please bless to serve humanity with full zeal !! üôè‚ò∫ #savehumanitysaysmsg need blessings 24 * 7 ! ‚ò∫ url219 ‚Ä¶	['X', 'X', 'PUNCT', 'VERB', 'PROPN', 'PROPN', 'INTJ', 'VERB', 'PART', 'VERB', 'NOUN', 'ADP', 'ADJ', 'NOUN', 'PUNCT', 'SYM', 'X', 'VERB', 'NOUN', 'NUM', 'SYM', 'NUM', 'PUNCT', 'SYM', 'X', 'PUNCT']	['O', 'O', 'O', 'O', 'O', 'O', 'O', 'O', 'O', 'O', 'O', 'O', 'O', 'O', 'O', 'O', 'O', 'O', 'O', 'O', 'O', 'O', 'O', 'O', 'O', 'O']	B-MISC	O
719	1265	pok√©mon	7	7	['PROPN']	['O']	you 'd be a grass - type pok√©mon ! folks admire your natural grace and spirit . your ideal day is to bask in the warmth of the sun . what the fuck	['PRON', 'AUX', 'AUX', 'DET', 'NOUN', 'PUNCT', 'NOUN', 'PROPN', 'PUNCT', 'NOUN', 'VERB', 'PRON', 'ADJ', 'NOUN', 'CCONJ', 'NOUN', 'PUNCT', 'PRON', 'ADJ', 'NOUN', 'VERB', 'PART', 'VERB', 'ADP', 'DET', 'NOUN', 'ADP', 'DET', 'NOUN', 'PUNCT', 'PRON', 'DET', 'NOUN']	['O', 'O', 'O', 'O', 'O', 'O', 'O', 'O', 'O', 'O', 'O', 'O', 'O', 'O', 'O', 'O', 'O', 'O', 'O', 'O', 'O', 'O', 'O', 'O', 'O', 'O', 'O', 'O', 'O', 'O', 'O', 'O', 'O']	B-MISC	B-MISC
724	1282	#trumptrain	2	2	['PROPN']	['O']	donald trump #trumptrain 2016 large black custom decal intlship #republican #2a #sgp #optrump url1006	['PROPN', 'PROPN', 'PROPN', 'NUM', 'ADJ', 'ADJ', 'PROPN', 'PROPN', 'NOUN', 'X', 'X', 'X', 'X', 'X']	['B-PER', 'I-PER', 'O', 'O', 'O', 'O', 'O', 'O', 'O', 'O', 'O', 'O', 'O', 'O']	B-MISC	B-MISC
726	1286	v180	6	6	['PROPN']	['O']	"great deals >> url265 new eclipse v180 1.8 "" lcd 8 gb usb 2.0 digital music / video mp3 player url262"	['ADJ', 'NOUN', 'PUNCT', 'X', 'ADJ', 'PROPN', 'PROPN', 'NUM', 'PUNCT', 'PROPN', 'NUM', 'NOUN', 'PROPN', 'NUM', 'ADJ', 'NOUN', 'PUNCT', 'NOUN', 'PROPN', 'NOUN', 'X']	['O', 'O', 'O', 'O', 'O', 'B-ORG', 'O', 'O', 'O', 'O', 'O', 'O', 'O', 'O', 'O', 'O', 'O', 'O', 'O', 'O', 'O']	O	O
727	1286	lcd	9	9	['PROPN']	['O']	"great deals >> url265 new eclipse v180 1.8 "" lcd 8 gb usb 2.0 digital music / video mp3 player url262"	['ADJ', 'NOUN', 'PUNCT', 'X', 'ADJ', 'PROPN', 'PROPN', 'NUM', 'PUNCT', 'PROPN', 'NUM', 'NOUN', 'PROPN', 'NUM', 'ADJ', 'NOUN', 'PUNCT', 'NOUN', 'PROPN', 'NOUN', 'X']	['O', 'O', 'O', 'O', 'O', 'B-ORG', 'O', 'O', 'O', 'O', 'O', 'O', 'O', 'O', 'O', 'O', 'O', 'O', 'O', 'O', 'O']	O	B-MISC
728	1286	usb	12	12	['PROPN']	['O']	"great deals >> url265 new eclipse v180 1.8 "" lcd 8 gb usb 2.0 digital music / video mp3 player url262"	['ADJ', 'NOUN', 'PUNCT', 'X', 'ADJ', 'PROPN', 'PROPN', 'NUM', 'PUNCT', 'PROPN', 'NUM', 'NOUN', 'PROPN', 'NUM', 'ADJ', 'NOUN', 'PUNCT', 'NOUN', 'PROPN', 'NOUN', 'X']	['O', 'O', 'O', 'O', 'O', 'B-ORG', 'O', 'O', 'O', 'O', 'O', 'O', 'O', 'O', 'O', 'O', 'O', 'O', 'O', 'O', 'O']	O	B-MISC
729	1286	mp3	18	18	['PROPN']	['O']	"great deals >> url265 new eclipse v180 1.8 "" lcd 8 gb usb 2.0 digital music / video mp3 player url262"	['ADJ', 'NOUN', 'PUNCT', 'X', 'ADJ', 'PROPN', 'PROPN', 'NUM', 'PUNCT', 'PROPN', 'NUM', 'NOUN', 'PROPN', 'NUM', 'ADJ', 'NOUN', 'PUNCT', 'NOUN', 'PROPN', 'NOUN', 'X']	['O', 'O', 'O', 'O', 'O', 'B-ORG', 'O', 'O', 'O', 'O', 'O', 'O', 'O', 'O', 'O', 'O', 'O', 'O', 'O', 'O', 'O']	O	B-MISC
732	1294	#mtvhottest	2	2	['PROPN']	['O']	212 xo #mtvhottest beyonce coldplay meghan trainor	['NUM', 'SYM', 'PROPN', 'PROPN', 'PROPN', 'PROPN', 'PROPN']	['O', 'O', 'O', 'B-PER', 'B-ORG', 'B-PER', 'I-PER']	B-MISC	B-MISC
741	1311	#rncincle	15	15	['PROPN']	['O']	rt @user1328 : americans prefer war heroes , even if they were captured : trump #rncincle speech drew lower ratings than mccain ' 08 url218 ‚Ä¶	['X', 'X', 'PUNCT', 'PROPN', 'VERB', 'NOUN', 'NOUN', 'PUNCT', 'ADV', 'SCONJ', 'PRON', 'AUX', 'VERB', 'PUNCT', 'PROPN', 'PROPN', 'NOUN', 'VERB', 'ADJ', 'NOUN', 'ADP', 'PROPN', 'PUNCT', 'NUM', 'X', 'PUNCT']	['O', 'O', 'O', 'B-MISC', 'O', 'O', 'O', 'O', 'O', 'O', 'O', 'O', 'O', 'O', 'B-PER', 'O', 'O', 'O', 'O', 'O', 'O', 'B-PER', 'O', 'O', 'O', 'O']	B-MISC	B-MISC
744	1321	duramax	7	7	['PROPN']	['O']	rt @user2592 : looking for a 6.6l duramax . will trade my camry . #allisonforlife	['X', 'X', 'PUNCT', 'VERB', 'ADP', 'DET', 'NUM', 'PROPN', 'PUNCT', 'AUX', 'VERB', 'PRON', 'PROPN', 'PUNCT', 'X']	['O', 'O', 'O', 'O', 'O', 'O', 'O', 'O', 'O', 'O', 'O', 'O', 'O', 'O', 'O']	B-MISC	B-MISC
745	1321	camry	12	12	['PROPN']	['O']	rt @user2592 : looking for a 6.6l duramax . will trade my camry . #allisonforlife	['X', 'X', 'PUNCT', 'VERB', 'ADP', 'DET', 'NUM', 'PROPN', 'PUNCT', 'AUX', 'VERB', 'PRON', 'PROPN', 'PUNCT', 'X']	['O', 'O', 'O', 'O', 'O', 'O', 'O', 'O', 'O', 'O', 'O', 'O', 'O', 'O', 'O']	B-MISC	B-MISC
751	1331	#hillaryclinton	8	8	['PROPN']	['O']	mjanemann : url523 #fbimwithher #emailgate more rules that #hillaryclinton ... url481	['PROPN', 'PUNCT', 'X', 'X', 'X', 'ADJ', 'NOUN', 'PRON', 'PROPN', 'PUNCT', 'X']	['B-PER', 'O', 'O', 'O', 'O', 'O', 'O', 'O', 'O', 'O', 'O']	O	B-PER
765	1350	lb	5	5	['PROPN']	['O']	eagles round out draft with lb walker url1546	['PROPN', 'VERB', 'ADP', 'NOUN', 'ADP', 'PROPN', 'PROPN', 'X']	['B-ORG', 'O', 'O', 'O', 'O', 'O', 'B-PER', 'O']	B-MISC	O
783	1380	eurusd	13	13	['PROPN']	['O']	order closed at p/l of $ 0.93 . ticket 123546591 buy 0.01 lots eurusd - url1085	['NOUN', 'VERB', 'ADP', 'NOUN', 'ADP', 'SYM', 'NUM', 'PUNCT', 'NOUN', 'NUM', 'VERB', 'NUM', 'NOUN', 'PROPN', 'PUNCT', 'X']	['O', 'O', 'O', 'O', 'O', 'O', 'O', 'O', 'O', 'O', 'O', 'O', 'O', 'O', 'O', 'O']	O	B-MISC
785	1383	#swish	3	3	['PROPN']	['O']	rt @user2495 : #swish will be signing at sunday 's game 12 - 12:20 pm ( tix required ) . gates - 12 pm , 1st pitch - 1:05 pm #gorailriders url222 ‚Ä¶	['X', 'X', 'PUNCT', 'PROPN', 'AUX', 'AUX', 'VERB', 'ADP', 'PROPN', 'PART', 'NOUN', 'NUM', 'SYM', 'NUM', 'NOUN', 'PUNCT', 'NOUN', 'VERB', 'PUNCT', 'PUNCT', 'NOUN', 'PUNCT', 'NUM', 'NOUN', 'PUNCT', 'ADJ', 'NOUN', 'PUNCT', 'NUM', 'NOUN', 'X', 'X', 'PUNCT']	['O', 'O', 'O', 'O', 'O', 'O', 'O', 'O', 'O', 'O', 'O', 'O', 'O', 'O', 'O', 'O', 'O', 'O', 'O', 'O', 'O', 'O', 'O', 'O', 'O', 'O', 'O', 'O', 'O', 'O', 'O', 'O', 'O']	B-MISC	B-PER
787	1384	#twitter	12	12	['PROPN']	['O']	rt @user809 : here are 5 ways for you to start using #twitter to market your #business : url1320 url1262	['X', 'X', 'PUNCT', 'ADV', 'AUX', 'NUM', 'NOUN', 'ADP', 'PRON', 'PART', 'VERB', 'VERB', 'PROPN', 'PART', 'VERB', 'PRON', 'NOUN', 'PUNCT', 'X', 'X']	['O', 'O', 'O', 'O', 'O', 'O', 'O', 'O', 'O', 'O', 'O', 'O', 'O', 'O', 'O', 'O', 'O', 'O', 'O', 'O']	O	B-ORG
789	1386	#bb18	6	6	['PROPN']	['O']	rt @user165 : delay update : #bb18 will air at 8:40 / 7:40 c !	['X', 'X', 'PUNCT', 'NOUN', 'NOUN', 'PUNCT', 'PROPN', 'AUX', 'VERB', 'ADP', 'NUM', 'PUNCT', 'NUM', 'NOUN', 'PUNCT']	['O', 'O', 'O', 'O', 'O', 'O', 'O', 'O', 'O', 'O', 'O', 'O', 'O', 'O', 'O']	B-MISC	B-MISC
790	1388	usb	12	12	['PROPN']	['O']	huge daily deals > url1224 #6180 #1954 50 wholesale lot of frisby usb 2.0 computer pc laptop noteb ‚Ä¶ url848	['ADJ', 'ADJ', 'NOUN', 'PUNCT', 'X', 'X', 'X', 'NUM', 'ADJ', 'NOUN', 'ADP', 'PROPN', 'PROPN', 'NUM', 'NOUN', 'NOUN', 'NOUN', 'NOUN', 'PUNCT', 'X']	['O', 'O', 'O', 'O', 'O', 'O', 'O', 'O', 'O', 'O', 'O', 'B-ORG', 'O', 'O', 'O', 'O', 'O', 'O', 'O', 'O']	O	O
792	1390	lufas	2	2	['PROPN']	['O']	@user2633 lmao lufas actually speed up the process	['PROPN', 'INTJ', 'PROPN', 'ADV', 'VERB', 'ADP', 'DET', 'NOUN']	['O', 'O', 'O', 'O', 'O', 'O', 'O', 'O']	B-MISC	B-PER
793	1392	boondocks	3	3	['PROPN']	['O']	i miss the boondocks .	['PRON', 'VERB', 'DET', 'PROPN', 'PUNCT']	['O', 'O', 'O', 'O', 'O']	O	B-MISC
796	1397	jr	4	4	['PROPN']	['O']	"super proud of my jr musical theatre "" seuss "" who won gold and outstanding last night !!! they ‚Ä¶ url1293"	['ADV', 'ADJ', 'ADP', 'PRON', 'PROPN', 'ADJ', 'NOUN', 'PUNCT', 'PROPN', 'PUNCT', 'PRON', 'VERB', 'NOUN', 'CCONJ', 'ADJ', 'ADJ', 'NOUN', 'PUNCT', 'PRON', 'PUNCT', 'X']	['O', 'O', 'O', 'O', 'O', 'O', 'O', 'O', 'B-MISC', 'O', 'O', 'O', 'O', 'O', 'O', 'O', 'O', 'O', 'O', 'O', 'O']	B-MISC	O
821	1463	ir	2	2	['PROPN']	['O']	321 [ ir ] icemoon [ abstract ] url435 ¬∞ @user1827 ¬∞ #dubstep #trapmusic #dnb #edm #dance #icestep ‚Ä¶ url1174	['NUM', 'PUNCT', 'PROPN', 'PUNCT', 'PROPN', 'PUNCT', 'NOUN', 'PUNCT', 'X', 'SYM', 'X', 'SYM', 'X', 'X', 'X', 'X', 'X', 'X', 'PUNCT', 'X']	['O', 'O', 'O', 'O', 'O', 'O', 'O', 'O', 'O', 'O', 'O', 'O', 'O', 'O', 'O', 'O', 'O', 'O', 'O', 'O']	O	O
822	1463	icemoon	4	4	['PROPN']	['O']	321 [ ir ] icemoon [ abstract ] url435 ¬∞ @user1827 ¬∞ #dubstep #trapmusic #dnb #edm #dance #icestep ‚Ä¶ url1174	['NUM', 'PUNCT', 'PROPN', 'PUNCT', 'PROPN', 'PUNCT', 'NOUN', 'PUNCT', 'X', 'SYM', 'X', 'SYM', 'X', 'X', 'X', 'X', 'X', 'X', 'PUNCT', 'X']	['O', 'O', 'O', 'O', 'O', 'O', 'O', 'O', 'O', 'O', 'O', 'O', 'O', 'O', 'O', 'O', 'O', 'O', 'O', 'O']	B-MISC	B-MISC
824	1466	#choicemusicgroupmale	4	4	['PROPN']	['O']	my teen choice for #choicemusicgroupmale is #superjunior my #teenchoice nominee for #choicefandom is #elf 289	['PRON', 'PROPN', 'PROPN', 'ADP', 'PROPN', 'AUX', 'PROPN', 'PRON', 'PROPN', 'NOUN', 'ADP', 'PROPN', 'AUX', 'PROPN', 'NUM']	['O', 'O', 'O', 'O', 'O', 'O', 'O', 'O', 'O', 'O', 'O', 'O', 'O', 'O', 'O']	B-MISC	B-MISC
825	1466	#superjunior	6	6	['PROPN']	['O']	my teen choice for #choicemusicgroupmale is #superjunior my #teenchoice nominee for #choicefandom is #elf 289	['PRON', 'PROPN', 'PROPN', 'ADP', 'PROPN', 'AUX', 'PROPN', 'PRON', 'PROPN', 'NOUN', 'ADP', 'PROPN', 'AUX', 'PROPN', 'NUM']	['O', 'O', 'O', 'O', 'O', 'O', 'O', 'O', 'O', 'O', 'O', 'O', 'O', 'O', 'O']	O	B-MISC
826	1466	#teenchoice	8	8	['PROPN']	['O']	my teen choice for #choicemusicgroupmale is #superjunior my #teenchoice nominee for #choicefandom is #elf 289	['PRON', 'PROPN', 'PROPN', 'ADP', 'PROPN', 'AUX', 'PROPN', 'PRON', 'PROPN', 'NOUN', 'ADP', 'PROPN', 'AUX', 'PROPN', 'NUM']	['O', 'O', 'O', 'O', 'O', 'O', 'O', 'O', 'O', 'O', 'O', 'O', 'O', 'O', 'O']	O	B-MISC
827	1466	#choicefandom	11	11	['PROPN']	['O']	my teen choice for #choicemusicgroupmale is #superjunior my #teenchoice nominee for #choicefandom is #elf 289	['PRON', 'PROPN', 'PROPN', 'ADP', 'PROPN', 'AUX', 'PROPN', 'PRON', 'PROPN', 'NOUN', 'ADP', 'PROPN', 'AUX', 'PROPN', 'NUM']	['O', 'O', 'O', 'O', 'O', 'O', 'O', 'O', 'O', 'O', 'O', 'O', 'O', 'O', 'O']	B-MISC	B-MISC
828	1466	#elf	13	13	['PROPN']	['O']	my teen choice for #choicemusicgroupmale is #superjunior my #teenchoice nominee for #choicefandom is #elf 289	['PRON', 'PROPN', 'PROPN', 'ADP', 'PROPN', 'AUX', 'PROPN', 'PRON', 'PROPN', 'NOUN', 'ADP', 'PROPN', 'AUX', 'PROPN', 'NUM']	['O', 'O', 'O', 'O', 'O', 'O', 'O', 'O', 'O', 'O', 'O', 'O', 'O', 'O', 'O']	B-MISC	B-MISC
833	1476	b2b	22	22	['PROPN']	['O']	rt @user177 : look forward to catching up at the @user118 show . our team can take you through all aspects of b2b marketing fr ‚Ä¶	['X', 'X', 'PUNCT', 'VERB', 'ADV', 'PART', 'VERB', 'ADP', 'ADP', 'DET', 'PROPN', 'NOUN', 'PUNCT', 'PRON', 'NOUN', 'AUX', 'VERB', 'PRON', 'ADP', 'DET', 'NOUN', 'ADP', 'PROPN', 'NOUN', 'ADJ', 'PUNCT']	['O', 'O', 'O', 'O', 'O', 'O', 'O', 'O', 'O', 'O', 'O', 'O', 'O', 'O', 'O', 'O', 'O', 'O', 'O', 'O', 'O', 'O', 'O', 'O', 'O', 'O']	O	O
835	1481	#berniesanders	8	8	['PROPN']	['O']	rt @user2566 : the dnc is now collection #berniesanders signs inside #demsinphilly trying to silence protesters #dncleak #dncinphl url218 ‚Ä¶	['X', 'X', 'PUNCT', 'DET', 'PROPN', 'AUX', 'ADV', 'NOUN', 'PROPN', 'NOUN', 'ADP', 'PROPN', 'VERB', 'PART', 'VERB', 'NOUN', 'X', 'X', 'X', 'PUNCT']	['O', 'O', 'O', 'O', 'B-ORG', 'O', 'O', 'O', 'O', 'O', 'O', 'O', 'O', 'O', 'O', 'O', 'O', 'O', 'O', 'O']	B-MISC	B-PER
836	1481	#demsinphilly	11	11	['PROPN']	['O']	rt @user2566 : the dnc is now collection #berniesanders signs inside #demsinphilly trying to silence protesters #dncleak #dncinphl url218 ‚Ä¶	['X', 'X', 'PUNCT', 'DET', 'PROPN', 'AUX', 'ADV', 'NOUN', 'PROPN', 'NOUN', 'ADP', 'PROPN', 'VERB', 'PART', 'VERB', 'NOUN', 'X', 'X', 'X', 'PUNCT']	['O', 'O', 'O', 'O', 'B-ORG', 'O', 'O', 'O', 'O', 'O', 'O', 'O', 'O', 'O', 'O', 'O', 'O', 'O', 'O', 'O']	B-MISC	O
840	1489	#paphos	5	5	['PROPN']	['O']	rt @user302 : when in #paphos , #cyprus do n't forget to explore its amazing #history ! @user1629 @user1397 @user2178 htt ‚Ä¶	['X', 'X', 'PUNCT', 'ADV', 'ADP', 'PROPN', 'PUNCT', 'PROPN', 'AUX', 'PART', 'VERB', 'PART', 'VERB', 'PRON', 'ADJ', 'NOUN', 'PUNCT', 'PROPN', 'PROPN', 'PROPN', 'X', 'PUNCT']	['O', 'O', 'O', 'O', 'O', 'O', 'O', 'O', 'O', 'O', 'O', 'O', 'O', 'O', 'O', 'O', 'O', 'O', 'O', 'O', 'O', 'O']	B-MISC	B-LOC
841	1489	#cyprus	7	7	['PROPN']	['O']	rt @user302 : when in #paphos , #cyprus do n't forget to explore its amazing #history ! @user1629 @user1397 @user2178 htt ‚Ä¶	['X', 'X', 'PUNCT', 'ADV', 'ADP', 'PROPN', 'PUNCT', 'PROPN', 'AUX', 'PART', 'VERB', 'PART', 'VERB', 'PRON', 'ADJ', 'NOUN', 'PUNCT', 'PROPN', 'PROPN', 'PROPN', 'X', 'PUNCT']	['O', 'O', 'O', 'O', 'O', 'O', 'O', 'O', 'O', 'O', 'O', 'O', 'O', 'O', 'O', 'O', 'O', 'O', 'O', 'O', 'O', 'O']	B-MISC	B-LOC
845	1490	beijos	22	22	['PROPN']	['O']	rt @user1460 : adeus brasil !!! thanks to all the many wonderful people i met and made me feel at home !!! beijos !! üáßüá∑üáßüá∑üáßüá∑üáßüá∑üáßüá∑	['X', 'X', 'PUNCT', 'NOUN', 'PROPN', 'PUNCT', 'NOUN', 'ADP', 'DET', 'DET', 'ADJ', 'ADJ', 'NOUN', 'PRON', 'VERB', 'CCONJ', 'VERB', 'PRON', 'VERB', 'ADP', 'NOUN', 'PUNCT', 'PROPN', 'PUNCT', 'SYM']	['O', 'O', 'O', 'O', 'B-LOC', 'O', 'O', 'O', 'O', 'O', 'O', 'O', 'O', 'O', 'O', 'O', 'O', 'O', 'O', 'O', 'O', 'O', 'O', 'O', 'O']	B-MISC	O
852	1499	c++	4	4	['PROPN']	['O']	i 'm hiring - c++ developer in atlanta , ga url1626 #job	['PRON', 'AUX', 'VERB', 'PUNCT', 'PROPN', 'NOUN', 'ADP', 'PROPN', 'PUNCT', 'PROPN', 'X', 'X']	['O', 'O', 'O', 'O', 'O', 'O', 'O', 'B-LOC', 'O', 'B-LOC', 'O', 'O']	O	B-MISC
860	1516	nation	22	22	['PROPN']	['O']	rt @user271 : here 's a talented lb the hogs offered today . he definitely looks like a good fit for razorback nation üëå #wps üêó url217 ‚Ä¶	['X', 'X', 'PUNCT', 'ADV', 'AUX', 'DET', 'ADJ', 'NOUN', 'DET', 'PROPN', 'VERB', 'NOUN', 'PUNCT', 'PRON', 'ADV', 'VERB', 'ADP', 'DET', 'ADJ', 'NOUN', 'ADP', 'PROPN', 'PROPN', 'SYM', 'X', 'SYM', 'X', 'PUNCT']	['O', 'O', 'O', 'O', 'O', 'O', 'O', 'O', 'O', 'B-ORG', 'O', 'O', 'O', 'O', 'O', 'O', 'O', 'O', 'O', 'O', 'O', 'B-ORG', 'O', 'O', 'O', 'O', 'O', 'O']	B-MISC	B-MISC
868	1528	anti-apartheid	2	2	['PROPN']	['O']	parole for anti-apartheid hero ‚Äôs killer ? victim ‚Äôs family says ‚Äò no ! ‚Äô : ( url258 ) ‚Äî the wife of a ‚Ä¶ url1121	['NOUN', 'ADP', 'PROPN', 'NOUN', 'PART', 'NOUN', 'PUNCT', 'NOUN', 'PART', 'NOUN', 'VERB', 'PUNCT', 'INTJ', 'PUNCT', 'PUNCT', 'PUNCT', 'PUNCT', 'X', 'PUNCT', 'PUNCT', 'DET', 'NOUN', 'ADP', 'DET', 'PUNCT', 'X']	['O', 'O', 'O', 'O', 'O', 'O', 'O', 'O', 'O', 'O', 'O', 'O', 'O', 'O', 'O', 'O', 'O', 'O', 'O', 'O', 'O', 'O', 'O', 'O', 'O', 'O']	O	O
869	1530	grazia	11	11	['PROPN']	['O']	rt @user2621 : 160218 kris wu yi fan for issue 241 grazia 7th year anniversary legs ... >->o url1285	['X', 'X', 'PUNCT', 'NUM', 'PROPN', 'PROPN', 'PROPN', 'NOUN', 'ADP', 'NOUN', 'NUM', 'PROPN', 'ADJ', 'NOUN', 'NOUN', 'X', 'PUNCT', 'SYM', 'X']	['O', 'O', 'O', 'O', 'B-PER', 'I-PER', 'I-PER', 'O', 'O', 'O', 'O', 'O', 'O', 'O', 'O', 'O', 'O', 'O', 'O']	B-MISC	B-MISC
872	1533	woodseaves	6	6	['PROPN']	['O']	offer : laptop case new ( woodseaves ) url786	['NOUN', 'PUNCT', 'NOUN', 'NOUN', 'ADJ', 'PUNCT', 'PROPN', 'PUNCT', 'X']	['O', 'O', 'O', 'O', 'O', 'O', 'O', 'O', 'O']	B-MISC	B-LOC
873	1535	mv	8	8	['PROPN']	['O']	rt @user2281 : do nt act like this mv did nt make you cry !! bitch this song too ft island make me feel so deep !! revive this !! url224 ‚Ä¶	['X', 'X', 'PUNCT', 'AUX', 'PART', 'VERB', 'SCONJ', 'DET', 'PROPN', 'AUX', 'PART', 'VERB', 'PRON', 'VERB', 'PUNCT', 'NOUN', 'DET', 'NOUN', 'ADV', 'PROPN', 'NOUN', 'VERB', 'PRON', 'VERB', 'ADV', 'ADJ', 'PUNCT', 'VERB', 'PRON', 'PUNCT', 'X', 'PUNCT']	['O', 'O', 'O', 'O', 'O', 'O', 'O', 'O', 'O', 'O', 'O', 'O', 'O', 'O', 'O', 'O', 'O', 'O', 'O', 'B-ORG', 'I-ORG', 'O', 'O', 'O', 'O', 'O', 'O', 'O', 'O', 'O', 'O', 'O']	O	O
877	1539	#t20worldcup	16	16	['PROPN']	['O']	rt @user1688 : we will back the men in blue till the very end for the #t20worldcup ! show your support in the comments below . url224 ‚Ä¶	['X', 'X', 'PUNCT', 'PRON', 'AUX', 'VERB', 'DET', 'PROPN', 'ADP', 'PROPN', 'ADP', 'DET', 'ADJ', 'NOUN', 'ADP', 'DET', 'PROPN', 'PUNCT', 'VERB', 'PRON', 'NOUN', 'ADP', 'DET', 'NOUN', 'ADV', 'PUNCT', 'X', 'PUNCT']	['O', 'O', 'O', 'O', 'O', 'O', 'O', 'O', 'O', 'O', 'O', 'O', 'O', 'O', 'O', 'O', 'O', 'O', 'O', 'O', 'O', 'O', 'O', 'O', 'O', 'O', 'O', 'O']	B-MISC	B-MISC
881	1548	trans	4	4	['PROPN']	['O']	rt @user2152 : ( trans ) 160627 congratulations yixing for winning best supporting actor ( china britain film festival ) | @user2153 url0 ‚Ä¶	['X', 'X', 'PUNCT', 'PUNCT', 'PROPN', 'PUNCT', 'NUM', 'NOUN', 'PROPN', 'SCONJ', 'VERB', 'ADJ', 'VERB', 'NOUN', 'PUNCT', 'PROPN', 'PROPN', 'PROPN', 'PROPN', 'PUNCT', 'SYM', 'PROPN', 'X', 'PUNCT']	['O', 'O', 'O', 'O', 'O', 'O', 'O', 'O', 'B-PER', 'O', 'O', 'B-MISC', 'I-MISC', 'I-MISC', 'O', 'B-MISC', 'I-MISC', 'I-MISC', 'I-MISC', 'O', 'O', 'O', 'O', 'O']	O	O
887	1551	#choiceanteencipatedmovieactress	7	7	['PROPN']	['O']	rt @user2172 : my #teenchoice vote for #choiceanteencipatedmovieactress is @user92 url1173	['X', 'X', 'PUNCT', 'PRON', 'NOUN', 'NOUN', 'ADP', 'PROPN', 'AUX', 'PROPN', 'X']	['O', 'O', 'O', 'O', 'O', 'O', 'O', 'O', 'O', 'O', 'O']	O	B-MISC
897	1566	#blockchain	19	19	['PROPN']	['O']	rt @user452 : santander uk introduces a mobile payment app for its staff to transfer money built on the #blockchain url1416	['X', 'X', 'PUNCT', 'PROPN', 'PROPN', 'VERB', 'DET', 'ADJ', 'NOUN', 'NOUN', 'ADP', 'PRON', 'NOUN', 'PART', 'VERB', 'NOUN', 'VERB', 'ADP', 'DET', 'PROPN', 'X']	['O', 'O', 'O', 'B-ORG', 'I-ORG', 'O', 'O', 'O', 'O', 'O', 'O', 'O', 'O', 'O', 'O', 'O', 'O', 'O', 'O', 'O', 'O']	O	O
899	1572	#mikeanddave	8	8	['PROPN']	['O']	rt @user2239 : watch the new trailer for #mikeanddave need wedding dates now ! in theaters july 8 . url499	['X', 'X', 'PUNCT', 'VERB', 'DET', 'ADJ', 'NOUN', 'SCONJ', 'PROPN', 'VERB', 'NOUN', 'NOUN', 'ADV', 'PUNCT', 'ADP', 'NOUN', 'PROPN', 'NUM', 'PUNCT', 'X']	['O', 'O', 'O', 'O', 'O', 'O', 'O', 'O', 'O', 'O', 'O', 'O', 'O', 'O', 'O', 'O', 'O', 'O', 'O', 'O']	B-MISC	B-MISC
908	1580	ai	20	20	['PROPN']	['O']	rt @user977 : an emotional journey from working at a call - centre , to cern and award - winning ai research url1182 url221 ‚Ä¶	['X', 'X', 'PUNCT', 'DET', 'ADJ', 'NOUN', 'SCONJ', 'VERB', 'ADP', 'DET', 'NOUN', 'PUNCT', 'NOUN', 'PUNCT', 'ADP', 'PROPN', 'CCONJ', 'NOUN', 'PUNCT', 'VERB', 'PROPN', 'NOUN', 'X', 'X', 'PUNCT']	['O', 'O', 'O', 'O', 'O', 'O', 'O', 'O', 'O', 'O', 'O', 'O', 'O', 'O', 'O', 'B-ORG', 'O', 'O', 'O', 'O', 'O', 'O', 'O', 'O', 'O']	O	O
909	1581	#crainswon	9	9	['PROPN']	['O']	rt @user1738 : my favorite people at today 's #crainswon event ! thank you so much spark ambassadors ! i 'm thrilled to have you here . url219 ‚Ä¶	['X', 'X', 'PUNCT', 'PRON', 'ADJ', 'NOUN', 'ADP', 'NOUN', 'PART', 'PROPN', 'NOUN', 'PUNCT', 'VERB', 'PRON', 'ADV', 'ADV', 'PROPN', 'PROPN', 'PUNCT', 'PRON', 'AUX', 'ADJ', 'PART', 'VERB', 'PRON', 'ADV', 'PUNCT', 'X', 'PUNCT']	['O', 'O', 'O', 'O', 'O', 'O', 'O', 'O', 'O', 'O', 'O', 'O', 'O', 'O', 'O', 'O', 'B-MISC', 'I-MISC', 'O', 'O', 'O', 'O', 'O', 'O', 'O', 'O', 'O', 'O', 'O']	B-MISC	B-MISC
912	1585	#satideparipa	9	9	['PROPN']	['O']	#np' calabar girl friend , by @user1894 , inside #satideparipa with @user385 , @user1229 & @user2084 on @user1459 .	['X', 'NOUN', 'NOUN', 'NOUN', 'PUNCT', 'ADP', 'PROPN', 'PUNCT', 'ADP', 'PROPN', 'ADP', 'PROPN', 'PUNCT', 'PROPN', 'CCONJ', 'PROPN', 'ADP', 'PROPN', 'PUNCT']	['O', 'B-LOC', 'O', 'O', 'O', 'O', 'O', 'O', 'O', 'O', 'O', 'O', 'O', 'O', 'O', 'O', 'O', 'O', 'O']	B-MISC	B-MISC
917	1588	#nvthots	3	3	['PROPN']	['O']	rt @user978 : #nvthots vs. @user268 in the semifinals ! battle of the na powerhouses . watch : url1106 #ourfight url221 ‚Ä¶	['X', 'X', 'PUNCT', 'PROPN', 'ADP', 'PROPN', 'ADP', 'DET', 'NOUN', 'PUNCT', 'NOUN', 'ADP', 'DET', 'PROPN', 'NOUN', 'PUNCT', 'VERB', 'PUNCT', 'X', 'X', 'X', 'PUNCT']	['O', 'O', 'O', 'O', 'O', 'O', 'O', 'O', 'O', 'O', 'O', 'O', 'O', 'B-ORG', 'O', 'O', 'O', 'O', 'O', 'O', 'O', 'O']	B-MISC	B-ORG
920	1589	#soundcloud	20	20	['PROPN']	['O']	@user1849 can you check me out ! lem me know what you think . 3 a.m by jaytezz url1519 on #soundcloud üëæüé∑üé®	['PROPN', 'AUX', 'PRON', 'VERB', 'PRON', 'ADP', 'PUNCT', 'VERB', 'PRON', 'VERB', 'PRON', 'PRON', 'VERB', 'PUNCT', 'NUM', 'NOUN', 'ADP', 'PROPN', 'X', 'ADP', 'PROPN', 'SYM']	['O', 'O', 'O', 'O', 'O', 'O', 'O', 'O', 'O', 'O', 'O', 'O', 'O', 'O', 'B-MISC', 'I-MISC', 'O', 'B-PER', 'O', 'O', 'O', 'O']	B-MISC	B-ORG
922	1592	bx250	1	1	['PROPN']	['O']	carvin bx250 250 w micro bass guitar amp amplifier head / compressor 3.2 lbs new url1319 url859	['PROPN', 'PROPN', 'NUM', 'PROPN', 'ADJ', 'NOUN', 'NOUN', 'NOUN', 'NOUN', 'NOUN', 'PUNCT', 'NOUN', 'NUM', 'NOUN', 'ADJ', 'X', 'X']	['B-ORG', 'O', 'O', 'O', 'O', 'O', 'O', 'O', 'O', 'O', 'O', 'O', 'O', 'O', 'O', 'O', 'O']	B-MISC	B-MISC
923	1592	w	3	3	['PROPN']	['O']	carvin bx250 250 w micro bass guitar amp amplifier head / compressor 3.2 lbs new url1319 url859	['PROPN', 'PROPN', 'NUM', 'PROPN', 'ADJ', 'NOUN', 'NOUN', 'NOUN', 'NOUN', 'NOUN', 'PUNCT', 'NOUN', 'NUM', 'NOUN', 'ADJ', 'X', 'X']	['B-ORG', 'O', 'O', 'O', 'O', 'O', 'O', 'O', 'O', 'O', 'O', 'O', 'O', 'O', 'O', 'O', 'O']	O	O
924	1595	gog	16	16	['PROPN']	['O']	starting today , it will be possible to import some of your steam games into your gog library url543	['VERB', 'NOUN', 'PUNCT', 'PRON', 'AUX', 'AUX', 'ADJ', 'PART', 'VERB', 'DET', 'ADP', 'PRON', 'PROPN', 'NOUN', 'ADP', 'PRON', 'PROPN', 'NOUN', 'X']	['O', 'O', 'O', 'O', 'O', 'O', 'O', 'O', 'O', 'O', 'O', 'O', 'B-ORG', 'O', 'O', 'O', 'O', 'O', 'O']	O	B-MISC
926	1602	3d	1	1	['PROPN']	['O']	pre-colord 3d puzzles shark #teachers #homeschool url1148 url1149	['ADJ', 'PROPN', 'NOUN', 'NOUN', 'X', 'X', 'X', 'X']	['O', 'O', 'O', 'O', 'O', 'O', 'O', 'O']	O	O
941	1630	#lindaikeji	0	0	['PROPN']	['O']	#lindaikeji post - wendy williams thinks beyonce and jay z paid rachel roy for the cheating ‚Ä¶ url229 url1196	['PROPN', 'VERB', 'PUNCT', 'PROPN', 'PROPN', 'VERB', 'PROPN', 'CCONJ', 'PROPN', 'PROPN', 'VERB', 'PROPN', 'PROPN', 'ADP', 'DET', 'NOUN', 'PUNCT', 'X', 'X']	['O', 'O', 'O', 'B-PER', 'I-PER', 'O', 'B-PER', 'O', 'B-PER', 'I-PER', 'O', 'B-PER', 'I-PER', 'O', 'O', 'O', 'O', 'O', 'O']	B-MISC	B-PER
942	1631	#christmas	1	1	['PROPN']	['O']	this #christmas support a band that supports our #military and #veterans . visit url226 #pjnet #rednationrising #tcot	['DET', 'PROPN', 'VERB', 'DET', 'NOUN', 'PRON', 'VERB', 'PRON', 'NOUN', 'CCONJ', 'NOUN', 'PUNCT', 'VERB', 'X', 'X', 'X', 'X']	['O', 'O', 'O', 'O', 'O', 'O', 'O', 'O', 'O', 'O', 'O', 'O', 'O', 'O', 'O', 'O', 'O']	B-MISC	B-MISC
944	1633	tiffachat	4	4	['PROPN']	['O']	rt @user1355 : [ tiffachat ] stephanieyoungh ' talk üéµ ' url628	['X', 'X', 'PUNCT', 'PUNCT', 'PROPN', 'PUNCT', 'PROPN', 'PUNCT', 'NOUN', 'SYM', 'PUNCT', 'X']	['O', 'O', 'O', 'O', 'O', 'O', 'B-PER', 'O', 'O', 'O', 'O', 'O']	O	B-MISC
945	1634	ft	3	3	['PROPN']	['O']	rt @user1701 : ft island - i hope ( 2009 ) url1510	['X', 'X', 'PUNCT', 'PROPN', 'PROPN', 'PUNCT', 'PRON', 'VERB', 'PUNCT', 'NUM', 'PUNCT', 'X']	['O', 'O', 'O', 'O', 'B-PER', 'O', 'B-MISC', 'I-MISC', 'O', 'O', 'O', 'O']	B-MISC	O
950	0	christmas	9	9	['PROPN']	['O']	rt @user2362 : farmall heart of the holidays tabletop christmas tree with lights and motion url1087 #holiday #gifts	['X', 'X', 'PUNCT', 'PROPN', 'NOUN', 'ADP', 'DET', 'NOUN', 'NOUN', 'PROPN', 'NOUN', 'ADP', 'NOUN', 'CCONJ', 'NOUN', 'X', 'X', 'X']	['O', 'O', 'O', 'B-ORG', 'O', 'O', 'O', 'O', 'O', 'O', 'O', 'O', 'O', 'O', 'O', 'O', 'O', 'O']	B-MISC	B-MISC
951	1	#cheo‚Äôs	5	5	['PROPN']	['O']	#volunteers are key members of #cheo‚Äôs one team ‚Äì helping kids and families be their healthiest #nvw2016 url1387	['NOUN', 'AUX', 'ADJ', 'NOUN', 'ADP', 'PROPN', 'NUM', 'NOUN', 'PUNCT', 'VERB', 'NOUN', 'CCONJ', 'NOUN', 'AUX', 'PRON', 'ADJ', 'X', 'X']	['O', 'O', 'O', 'O', 'O', 'O', 'O', 'O', 'O', 'O', 'O', 'O', 'O', 'O', 'O', 'O', 'O', 'O']	B-ORG	B-ORG
953	5	#iran	3	3	['PROPN']	['O']	rt @user619 : #iran - #syria : #no2rouhani rally in #austria url289 @user2011 @user18 @user1276 url219 ‚Ä¶	['X', 'X', 'PUNCT', 'PROPN', 'PUNCT', 'PROPN', 'PUNCT', 'PROPN', 'NOUN', 'ADP', 'PROPN', 'X', 'PROPN', 'PROPN', 'PROPN', 'X', 'PUNCT']	['O', 'O', 'O', 'O', 'O', 'O', 'O', 'O', 'O', 'O', 'O', 'O', 'O', 'O', 'O', 'O', 'O']	B-MISC	B-LOC
954	5	#syria	5	5	['PROPN']	['O']	rt @user619 : #iran - #syria : #no2rouhani rally in #austria url289 @user2011 @user18 @user1276 url219 ‚Ä¶	['X', 'X', 'PUNCT', 'PROPN', 'PUNCT', 'PROPN', 'PUNCT', 'PROPN', 'NOUN', 'ADP', 'PROPN', 'X', 'PROPN', 'PROPN', 'PROPN', 'X', 'PUNCT']	['O', 'O', 'O', 'O', 'O', 'O', 'O', 'O', 'O', 'O', 'O', 'O', 'O', 'O', 'O', 'O', 'O']	B-MISC	B-LOC
955	5	#no2rouhani	7	7	['PROPN']	['O']	rt @user619 : #iran - #syria : #no2rouhani rally in #austria url289 @user2011 @user18 @user1276 url219 ‚Ä¶	['X', 'X', 'PUNCT', 'PROPN', 'PUNCT', 'PROPN', 'PUNCT', 'PROPN', 'NOUN', 'ADP', 'PROPN', 'X', 'PROPN', 'PROPN', 'PROPN', 'X', 'PUNCT']	['O', 'O', 'O', 'O', 'O', 'O', 'O', 'O', 'O', 'O', 'O', 'O', 'O', 'O', 'O', 'O', 'O']	B-MISC	B-MISC
956	5	#austria	10	10	['PROPN']	['O']	rt @user619 : #iran - #syria : #no2rouhani rally in #austria url289 @user2011 @user18 @user1276 url219 ‚Ä¶	['X', 'X', 'PUNCT', 'PROPN', 'PUNCT', 'PROPN', 'PUNCT', 'PROPN', 'NOUN', 'ADP', 'PROPN', 'X', 'PROPN', 'PROPN', 'PROPN', 'X', 'PUNCT']	['O', 'O', 'O', 'O', 'O', 'O', 'O', 'O', 'O', 'O', 'O', 'O', 'O', 'O', 'O', 'O', 'O']	B-MISC	B-LOC
960	8	#iceland	5	5	['PROPN']	['O']	"rt @user604 : 11 ways #iceland is "" cool "" üòé url1312 url549"	['X', 'X', 'PUNCT', 'NUM', 'NOUN', 'PROPN', 'AUX', 'PUNCT', 'ADJ', 'PUNCT', 'SYM', 'X', 'X']	['O', 'O', 'O', 'O', 'O', 'O', 'O', 'O', 'O', 'O', 'O', 'O', 'O']	O	B-LOC
962	18	r&b	4	4	['PROPN']	['O']	rt @user428 : real r&b url143	['X', 'X', 'PUNCT', 'ADJ', 'PROPN', 'X']	['O', 'O', 'O', 'O', 'O', 'O']	O	B-MISC
0	55	#harrypotter	0	0			#harrypotter marathon while i write my papers .				B-MISC
0	55	marathon	1	1			#harrypotter marathon while i write my papers .				I-MISC
0	320	early	0	0			early bird special : conscious capitalism , new business model for 21st century in online masterclass - url60				O
0	320	bird	1	1			early bird special : conscious capitalism , new business model for 21st century in online masterclass - url60				O
0	320	special	2	2			early bird special : conscious capitalism , new business model for 21st century in online masterclass - url60				O
0	422	oem	2	2			motorola droid oem window mount ‚Äì only for the first generation motorola droid : product descriptionthe motorola dr ... url32				O
0	422	window	3	3			motorola droid oem window mount ‚Äì only for the first generation motorola droid : product descriptionthe motorola dr ... url32				O
0	422	mount	4	4			motorola droid oem window mount ‚Äì only for the first generation motorola droid : product descriptionthe motorola dr ... url32				O
0	430	monday	14	14			next week - two morning zumba classes with me if you 're interested - monday nov 1st at 8:30 am and wednesday at ... url63				O
0	430	nov	15	15			next week - two morning zumba classes with me if you 're interested - monday nov 1st at 8:30 am and wednesday at ... url63				O
0	445	fitness	5	5			owning your craft in the fitness business - url151 #fitness bodybuilding #professionals #vancouver				O
0	445	business	6	6			owning your craft in the fitness business - url151 #fitness bodybuilding #professionals #vancouver				O
0	447	four	11	11			ps : hearing the the early show cast get outraged by four loko was hilarious . made my morning and subsequent day . #parentsjustdontunderstand				B-MISC
0	447	loko	12	12			ps : hearing the the early show cast get outraged by four loko was hilarious . made my morning and subsequent day . #parentsjustdontunderstand				I-MISC
0	502	prime	13	13			rt @user1390 : berlusconi probed over cash - for - sex case : prime minister silvio berlusconi faces investigation in a prostitution ... htt ...				B-MISC
0	502	minister	14	14			rt @user1390 : berlusconi probed over cash - for - sex case : prime minister silvio berlusconi faces investigation in a prostitution ... htt ...				I-MISC
0	517	#mnd	16	16			rt @user1767 : check out url42 . freezing my nads in the snow , naked for #mnd charity . ¬£ 4.5 k raised so far . please rt ! thx .				B-MISC
0	517	charity	17	17			rt @user1767 : check out url42 . freezing my nads in the snow , naked for #mnd charity . ¬£ 4.5 k raised so far . please rt ! thx .				I-MISC
0	526	lil	10	10			rt @user1962 : shout - out to @user610 definition of lil webbies i-n-d-e-p-e-n-d-e-n-t --> do you know what means man ??? ¬´ ayyye !				B-MISC
0	526	webbies	11	11			rt @user1962 : shout - out to @user610 definition of lil webbies i-n-d-e-p-e-n-d-e-n-t --> do you know what means man ??? ¬´ ayyye !				I-MISC
0	839	dojo	0	0			dojo news : ahead of all - american top team title fight , take a tour of the team ‚Äôs new florida headquarters url1240				B-ORG
0	839	news	1	1			dojo news : ahead of all - american top team title fight , take a tour of the team ‚Äôs new florida headquarters url1240				I-ORG
0	852	zig	25	25			rt @user1760 : crocodiles are fast on their feet , but can not turn very well . if one is chasing you , run in zig zag lines .				O
0	852	zag	26	26			rt @user1760 : crocodiles are fast on their feet , but can not turn very well . if one is chasing you , run in zig zag lines .				O
0	869	guilty	5	5			rt @user1456 : dizzy in guilty gear #evo2016 url401				O
0	869	gear	6	6			rt @user1456 : dizzy in guilty gear #evo2016 url401				O
0	909	yella	12	12			watching #9thehabibs is like hanging out with my in - laws . yella habibi ! üòÇ				O
0	909	habibi	13	13			watching #9thehabibs is like hanging out with my in - laws . yella habibi ! üòÇ				O
0	931	po	5	5			rt @user2298 : uhm funny po ako üòπ thank you po ! #stbratsexhibit url655				O
0	931	ako	6	6			rt @user2298 : uhm funny po ako üòπ thank you po ! #stbratsexhibit url655				O
0	983	asif	3	3			the latest the asif siddiqui daily ! url1500 thanks to @user2204 @user1267 @user2577 #food #foodie				B-ORG
0	983	siddiqui	4	4			the latest the asif siddiqui daily ! url1500 thanks to @user2204 @user1267 @user2577 #food #foodie				I-ORG
0	983	daily	5	5			the latest the asif siddiqui daily ! url1500 thanks to @user2204 @user1267 @user2577 #food #foodie				I-ORG
0	1008	#gameofthrones	13	13			rt @user2549 : rt this tweet to win tickets to an exclusive london #gameofthrones s5 screening on march 14 ! uk only - closes 3/3 ! url224 ‚Ä¶				B-MISC
0	1008	s5	14	14			rt @user2549 : rt this tweet to win tickets to an exclusive london #gameofthrones s5 screening on march 14 ! uk only - closes 3/3 ! url224 ‚Ä¶				I-MISC
0	1034	rugby	5	5			what a tough half of rugby league ! impressed with our uncompromising defence , it 's a big effort to nil leeds in a half ! #wire				B-ORG
0	1034	league	6	6			what a tough half of rugby league ! impressed with our uncompromising defence , it 's a big effort to nil leeds in a half ! #wire				I-ORG
0	1094	carvan	6	6			rt @user615 : @user1581 this unstoppable carvan vl go far ! satan & his disciples has not much power2stop this caravan ! #200daysmsg2 s a bash ‚Ä¶				O
0	1094	vl	7	7			rt @user615 : @user1581 this unstoppable carvan vl go far ! satan & his disciples has not much power2stop this caravan ! #200daysmsg2 s a bash ‚Ä¶				O
0	1098	nike	1	1			new nike sb : ¬£ 15.00 ( 0 bids ) end date : wednesday apr-6-2016 17:28:16 bstbid now | add to watch list url779				B-MISC
0	1098	sb	2	2			new nike sb : ¬£ 15.00 ( 0 bids ) end date : wednesday apr-6-2016 17:28:16 bstbid now | add to watch list url779				I-MISC
0	1098	Wednesday	13	13			new nike sb : ¬£ 15.00 ( 0 bids ) end date : wednesday apr-6-2016 17:28:16 bstbid now | add to watch list url779				O
0	1098	Apr-6-2016	14	14			new nike sb : ¬£ 15.00 ( 0 bids ) end date : wednesday apr-6-2016 17:28:16 bstbid now | add to watch list url779				O
0	1124	hongera	12	12			kenya is indeed a hotbed of champions ! we rock the world hongera kenya7s . made us so proud #karibunimashujaa #kenya7s @user717 @user745				B-MISC
0	1124	kenya7s	13	13			kenya is indeed a hotbed of champions ! we rock the world hongera kenya7s . made us so proud #karibunimashujaa #kenya7s @user717 @user745				I-MISC
0	1130	u8/10/12/14/16/19	0	0			register now for the junior @user136 u8/10/12/14/16/19 - easter 2017 - just ¬£ 290 pp				B-MISC
0	1282	custom	6	6			donald trump #trumptrain 2016 large black custom decal intlship #republican #2a #sgp #optrump url1006				O
0	1282	decal	7	7			donald trump #trumptrain 2016 large black custom decal intlship #republican #2a #sgp #optrump url1006				O
0	1292	buddhe	15	15			rt @user2478 : @user2591 be tolerant to criticism young man , you also will be buddhe ek din like me				O
0	1292	ek	16	16			rt @user2478 : @user2591 be tolerant to criticism young man , you also will be buddhe ek din like me				O
0	1292	din	17	17			rt @user2478 : @user2591 be tolerant to criticism young man , you also will be buddhe ek din like me				O
0	1310	model	9	9			rt @user725 : have you seen this ? tesla model s drives sleeping owner through traffic : a video of a napping driver behind t ... url225 ‚Ä¶				B-MISC
0	1310	s	10	10			rt @user725 : have you seen this ? tesla model s drives sleeping owner through traffic : a video of a napping driver behind t ... url225 ‚Ä¶				I-MISC
0	1394	prime	10	10			rt @user2483 : so we need : 1 ) a prime minister 2 ) an opposition leader 3 ) an england manager 4 ) a ukip leader 5 ) a top gear host 6 ) a n ‚Ä¶				O
0	1394	minister	11	11			rt @user2483 : so we need : 1 ) a prime minister 2 ) an opposition leader 3 ) an england manager 4 ) a ukip leader 5 ) a top gear host 6 ) a n ‚Ä¶				O
0	1407	foam	9	9			check out review of the fitwood m - roll foam roller url1457 via @user296				O
0	1407	roller	10	10			check out review of the fitwood m - roll foam roller url1457 via @user296				O
0	1466	teen	1	1			my teen choice for #choicemusicgroupmale is #superjunior my #teenchoice nominee for #choicefandom is #elf 289				B-MISC
0	1466	choice	2	2			my teen choice for #choicemusicgroupmale is #superjunior my #teenchoice nominee for #choicefandom is #elf 289				I-MISC
0	1474	lady	5	5			< tweet to vote for lady gaga . #iheartawards #ladygaga #triplethreat vota na gaga				B-PER
0	1474	gaga	6	6			< tweet to vote for lady gaga . #iheartawards #ladygaga #triplethreat vota na gaga				I-PER
0	1582	al	10	10			and who take due care of their prayer : [ al -maarij,34 ] url1128				B-MISC
0	1582	-maarij,34	11	11			and who take due care of their prayer : [ al -maarij,34 ] url1128				I-MISC
0	1621	stattrak	4	4			rt @user2523 : #csgogiveaway stattrak karambit rt + like + follow @user2523 + @user250 enter here : url863 url219 ‚Ä¶				B-MISC
0	1621	karambit	5	5			rt @user2523 : #csgogiveaway stattrak karambit rt + like + follow @user2523 + @user250 enter here : url863 url219 ‚Ä¶				I-MISC
0	1539	men	7	7			rt @user1688 : we will back the men in blue till the very end for the #t20worldcup ! show your support in the comments below . url224 ‚Ä¶				B-ORG
0	1539	in	8	8			rt @user1688 : we will back the men in blue till the very end for the #t20worldcup ! show your support in the comments below . url224 ‚Ä¶				I-ORG
0	1539	blue	9	9			rt @user1688 : we will back the men in blue till the very end for the #t20worldcup ! show your support in the comments below . url224 ‚Ä¶				I-ORG
0	351	valentine	1	1			happy valentine 's day ! ‚ô•				B-MISC
0	351	's	2	2			happy valentine 's day ! ‚ô•				I-MISC
0	351	day	3	3			happy valentine 's day ! ‚ô•				I-MISC
0	1091	valentine	4	4			üì∑ erzascrlt : happy valentine ‚Äôs day from aqours üíñ url785				B-MISC
0	1091	's	5	5			üì∑ erzascrlt : happy valentine ‚Äôs day from aqours üíñ url785				I-MISC
0	1091	day	6	6			üì∑ erzascrlt : happy valentine ‚Äôs day from aqours üíñ url785				I-MISC
0	993	marathon	2	2			 in marathon filibuster , democrats call for gun limits  by jonah engel bromwich via nyt the new york times url916				B-MISC
0	993	filibuster	3	3			 in marathon filibuster , democrats call for gun limits  by jonah engel bromwich via nyt the new york times url916				I-MISC
